Date,Campaign_ID,Channel,Impressions,Clicks,Conversions,Cost,Revenue,Month,Week
2024-05-05,CAMP_001,Google Ads,3293,172,5,366.9,1987.99,May,18
2024-05-06,CAMP_001,Google Ads,3073,161,5,342.38,1855.13,May,19
2024-05-07,CAMP_001,Google Ads,3002,157,5,334.52,1812.58,May,19
2024-05-08,CAMP_001,Google Ads,3011,157,5,335.5,1817.9,May,19
2024-05-09,CAMP_001,Google Ads,2459,128,4,273.94,1484.31,May,19
2024-05-10,CAMP_001,Google Ads,2352,123,4,262.11,1420.22,May,19
2024-05-11,CAMP_001,Google Ads,3184,167,5,354.69,1921.85,May,19
2024-05-12,CAMP_001,Google Ads,3185,167,5,354.82,1922.58,May,19
2024-05-13,CAMP_001,Google Ads,3276,171,5,365.05,1977.98,May,20
2024-05-14,CAMP_001,Google Ads,3351,175,5,373.33,2022.88,May,20
2024-05-15,CAMP_001,Google Ads,2703,141,4,301.19,1632.0,May,20
2024-05-16,CAMP_001,Google Ads,2687,140,4,299.43,1622.44,May,20
2024-05-17,CAMP_001,Google Ads,3166,166,5,352.7,1911.08,May,20
2024-05-18,CAMP_001,Google Ads,2927,153,5,326.08,1766.82,May,20
2024-05-19,CAMP_001,Google Ads,3010,157,5,335.41,1817.4,May,20
2024-05-20,CAMP_001,Google Ads,3162,165,5,352.25,1908.65,May,21
2024-05-21,CAMP_001,Google Ads,3313,173,5,369.16,2000.28,May,21
2024-05-22,CAMP_001,Google Ads,2424,127,4,270.08,1463.41,May,21
2024-05-23,CAMP_001,Google Ads,2485,130,4,276.83,1499.96,May,21
2024-05-24,CAMP_001,Google Ads,2031,106,3,226.28,1226.08,May,21
2024-05-25,CAMP_001,Google Ads,2811,147,4,313.21,1697.1,May,21
2024-05-26,CAMP_001,Google Ads,1937,101,3,215.86,1169.63,May,21
2024-05-27,CAMP_001,Google Ads,2630,137,4,292.98,1587.51,May,22
2024-05-28,CAMP_001,Google Ads,2754,144,4,306.81,1662.44,May,22
2024-05-29,CAMP_001,Google Ads,2341,122,4,260.84,1413.36,May,22
2024-05-30,CAMP_001,Google Ads,2831,148,4,315.46,1709.31,May,22
2024-05-31,CAMP_001,Google Ads,1929,101,3,214.89,1164.34,May,22
2024-06-01,CAMP_001,Google Ads,1940,101,3,216.11,1171.0,June,22
2024-06-02,CAMP_001,Google Ads,3205,168,5,357.06,1934.72,June,22
2024-06-03,CAMP_001,Google Ads,2460,129,4,274.06,1484.99,June,23
2024-06-04,CAMP_001,Google Ads,2084,109,3,232.22,1258.25,June,23
2024-06-05,CAMP_001,Google Ads,2721,142,4,303.15,1642.6,June,23
2024-06-06,CAMP_001,Google Ads,3120,163,5,347.62,1883.56,June,23
2024-06-07,CAMP_001,Google Ads,2227,116,3,248.15,1344.58,June,23
2024-06-08,CAMP_001,Google Ads,2883,151,5,321.22,1740.49,June,23
2024-06-09,CAMP_001,Google Ads,2017,105,3,224.73,1217.68,June,23
2024-06-10,CAMP_001,Google Ads,1963,102,3,218.69,1184.94,June,24
2024-06-11,CAMP_001,Google Ads,2736,143,4,304.79,1651.46,June,24
2024-06-12,CAMP_001,Google Ads,2750,144,4,306.45,1660.49,June,24
2024-06-13,CAMP_001,Google Ads,2906,152,5,323.83,1754.63,June,24
2024-06-14,CAMP_001,Google Ads,3049,159,5,339.74,1840.86,June,24
2024-06-15,CAMP_001,Google Ads,3452,181,6,384.57,2083.77,June,24
2024-08-04,CAMP_002,Google Ads,3557,147,4,382.07,1839.27,August,31
2024-08-05,CAMP_002,Google Ads,3148,130,4,338.18,1627.97,August,32
2024-08-06,CAMP_002,Google Ads,4146,171,5,445.38,2144.05,August,32
2024-08-07,CAMP_002,Google Ads,3038,126,4,326.34,1571.0,August,32
2024-08-08,CAMP_002,Google Ads,3393,140,4,364.52,1754.76,August,32
2024-08-09,CAMP_002,Google Ads,2631,109,3,282.67,1360.76,August,32
2024-08-10,CAMP_002,Google Ads,2519,104,3,270.61,1302.72,August,32
2024-08-11,CAMP_002,Google Ads,4500,186,6,483.4,2327.07,August,32
2024-08-12,CAMP_002,Google Ads,4232,175,5,454.64,2188.64,August,33
2024-08-13,CAMP_002,Google Ads,3936,163,5,422.86,2035.63,August,33
2024-08-14,CAMP_002,Google Ads,3330,138,4,357.7,1721.95,August,33
2024-08-15,CAMP_002,Google Ads,2832,117,3,304.2,1464.41,August,33
2024-08-16,CAMP_002,Google Ads,2796,115,3,300.37,1445.98,August,33
2024-08-17,CAMP_002,Google Ads,2994,124,4,321.67,1548.5,August,33
2024-08-18,CAMP_002,Google Ads,3626,150,4,389.55,1875.25,August,33
2024-08-19,CAMP_002,Google Ads,3976,164,5,427.09,2055.98,August,34
2024-08-20,CAMP_002,Google Ads,3861,160,5,414.74,1996.53,August,34
2024-08-21,CAMP_002,Google Ads,3057,126,4,328.41,1580.95,August,34
2024-01-14,CAMP_003,Facebook Ads,2088,42,1,43.03,119.37,January,2
2024-01-15,CAMP_003,Facebook Ads,1875,38,0,38.63,107.16,January,3
2024-01-16,CAMP_003,Facebook Ads,1694,34,0,34.91,96.83,January,3
2024-01-17,CAMP_003,Facebook Ads,1750,35,0,36.07,100.06,January,3
2024-01-18,CAMP_003,Facebook Ads,1561,31,0,32.17,89.25,January,3
2024-01-19,CAMP_003,Facebook Ads,1392,28,0,28.69,79.58,January,3
2024-01-20,CAMP_003,Facebook Ads,1499,30,0,30.88,85.67,January,3
2024-01-21,CAMP_003,Facebook Ads,1894,38,0,39.04,108.28,January,3
2024-01-22,CAMP_003,Facebook Ads,1162,23,0,23.96,66.45,January,4
2024-01-23,CAMP_003,Facebook Ads,1262,25,0,26.02,72.17,January,4
2024-01-24,CAMP_003,Facebook Ads,1193,24,0,24.6,68.23,January,4
2024-01-25,CAMP_003,Facebook Ads,1188,24,0,24.49,67.93,January,4
2024-01-26,CAMP_003,Facebook Ads,1990,40,0,41.02,113.78,January,4
2024-01-27,CAMP_003,Facebook Ads,1841,37,0,37.94,105.23,January,4
2024-01-28,CAMP_003,Facebook Ads,1615,32,0,33.28,92.32,January,4
2024-01-29,CAMP_003,Facebook Ads,1244,25,0,25.65,71.15,January,5
2024-01-30,CAMP_003,Facebook Ads,1632,33,0,33.64,93.3,January,5
2024-01-31,CAMP_003,Facebook Ads,1614,32,0,33.27,92.28,January,5
2024-02-01,CAMP_003,Facebook Ads,1319,26,0,27.18,75.39,February,5
2024-02-02,CAMP_003,Facebook Ads,1575,31,0,32.46,90.05,February,5
2024-02-03,CAMP_003,Facebook Ads,1540,31,0,31.75,88.06,February,5
2024-02-04,CAMP_003,Facebook Ads,1754,35,0,36.15,100.29,February,5
2024-02-05,CAMP_003,Facebook Ads,1773,36,0,36.55,101.38,February,6
2024-02-06,CAMP_003,Facebook Ads,1193,24,0,24.58,68.19,February,6
2024-02-07,CAMP_003,Facebook Ads,1517,30,0,31.26,86.72,February,6
2024-02-08,CAMP_003,Facebook Ads,1764,35,0,36.36,100.86,February,6
2024-02-09,CAMP_003,Facebook Ads,1643,33,0,33.87,93.95,February,6
2024-02-10,CAMP_003,Facebook Ads,1991,40,0,41.04,113.83,February,6
2024-02-11,CAMP_003,Facebook Ads,1797,36,0,37.02,102.7,February,6
2024-02-12,CAMP_003,Facebook Ads,1309,26,0,26.97,74.81,February,7
2024-02-13,CAMP_003,Facebook Ads,1218,24,0,25.09,69.61,February,7
2024-02-14,CAMP_003,Facebook Ads,1781,36,0,36.69,101.79,February,7
2024-02-15,CAMP_003,Facebook Ads,1174,23,0,24.2,67.13,February,7
2024-02-16,CAMP_003,Facebook Ads,1725,35,0,35.54,98.6,February,7
2024-02-17,CAMP_003,Facebook Ads,2074,42,1,42.73,118.54,February,7
2024-02-18,CAMP_003,Facebook Ads,1715,34,0,35.34,98.02,February,7
2024-02-19,CAMP_003,Facebook Ads,1530,31,0,31.54,87.48,February,8
2024-02-20,CAMP_003,Facebook Ads,1781,36,0,36.71,101.84,February,8
2024-02-21,CAMP_003,Facebook Ads,1599,32,0,32.96,91.43,February,8
2024-02-22,CAMP_003,Facebook Ads,1685,34,0,34.73,96.34,February,8
2024-02-23,CAMP_003,Facebook Ads,2075,42,1,42.76,118.61,February,8
2024-02-24,CAMP_003,Facebook Ads,1528,31,0,31.49,87.37,February,8
2024-02-25,CAMP_003,Facebook Ads,2094,42,1,43.16,119.72,February,8
2024-02-26,CAMP_003,Facebook Ads,2039,41,0,42.03,116.58,February,9
2024-02-27,CAMP_003,Facebook Ads,1341,27,0,27.63,76.66,February,9
2024-02-28,CAMP_003,Facebook Ads,1216,24,0,25.07,69.55,February,9
2024-02-29,CAMP_003,Facebook Ads,1247,25,0,25.71,71.31,February,9
2024-03-01,CAMP_003,Facebook Ads,1166,23,0,24.03,66.67,March,9
2024-03-02,CAMP_003,Facebook Ads,1241,25,0,25.58,70.96,March,9
2024-03-03,CAMP_003,Facebook Ads,1821,36,0,37.52,104.07,March,9
2024-03-04,CAMP_003,Facebook Ads,1218,24,0,25.11,69.65,March,10
2024-03-05,CAMP_003,Facebook Ads,1462,29,0,30.13,83.59,March,10
2024-03-06,CAMP_003,Facebook Ads,1980,40,0,40.8,113.18,March,10
2024-03-07,CAMP_003,Facebook Ads,1171,23,0,24.14,66.95,March,10
2024-03-08,CAMP_003,Facebook Ads,1950,39,0,40.18,111.47,March,10
2024-03-09,CAMP_003,Facebook Ads,1426,28,0,29.38,81.5,March,10
2024-03-10,CAMP_003,Facebook Ads,1264,25,0,26.06,72.29,March,10
2024-03-11,CAMP_003,Facebook Ads,1834,37,0,37.8,104.84,March,11
2024-03-12,CAMP_003,Facebook Ads,1767,35,0,36.42,101.03,March,11
2024-03-13,CAMP_003,Facebook Ads,2012,40,0,41.46,115.01,March,11
2024-03-14,CAMP_003,Facebook Ads,1872,38,0,38.57,107.0,March,11
2024-03-15,CAMP_003,Facebook Ads,1939,39,0,39.96,110.85,March,11
2024-03-16,CAMP_003,Facebook Ads,1426,28,0,29.38,81.51,March,11
2024-03-17,CAMP_003,Facebook Ads,1323,26,0,27.26,75.63,March,11
2024-03-18,CAMP_003,Facebook Ads,1887,38,0,38.89,107.88,March,12
2024-03-19,CAMP_003,Facebook Ads,1942,39,0,40.03,111.04,March,12
2024-03-20,CAMP_003,Facebook Ads,2123,43,1,43.75,121.37,March,12
2024-03-21,CAMP_003,Facebook Ads,1554,31,0,32.03,88.86,March,12
2024-03-22,CAMP_003,Facebook Ads,1514,30,0,31.21,86.57,March,12
2024-03-23,CAMP_003,Facebook Ads,1913,38,0,39.41,109.33,March,12
2024-03-24,CAMP_003,Facebook Ads,1484,30,0,30.58,84.82,March,12
2024-03-25,CAMP_003,Facebook Ads,2064,41,1,42.54,118.01,March,13
2024-03-26,CAMP_003,Facebook Ads,1993,40,0,41.07,113.94,March,13
2024-03-27,CAMP_003,Facebook Ads,1570,31,0,32.36,89.78,March,13
2024-03-28,CAMP_003,Facebook Ads,1887,38,0,38.89,107.89,March,13
2024-03-29,CAMP_003,Facebook Ads,1891,38,0,38.97,108.1,March,13
2024-03-30,CAMP_003,Facebook Ads,1250,25,0,25.76,71.44,March,13
2024-03-31,CAMP_003,Facebook Ads,2037,41,0,41.97,116.42,March,13
2024-04-01,CAMP_003,Facebook Ads,1646,33,0,33.91,94.07,April,14
2024-04-02,CAMP_003,Facebook Ads,1962,39,0,40.43,112.14,April,14
2024-04-03,CAMP_003,Facebook Ads,1463,29,0,30.16,83.65,April,14
2024-04-04,CAMP_003,Facebook Ads,2030,41,0,41.83,116.03,April,14
2024-04-05,CAMP_003,Facebook Ads,1531,31,0,31.56,87.54,April,14
2024-04-06,CAMP_003,Facebook Ads,1159,23,0,23.88,66.25,April,14
2024-04-07,CAMP_003,Facebook Ads,2040,41,0,42.03,116.58,April,14
2024-10-28,CAMP_004,SEO Organic,6380,413,4,0.04,0.22,October,44
2024-10-29,CAMP_004,SEO Organic,7537,488,5,0.05,0.26,October,44
2024-10-30,CAMP_004,SEO Organic,10736,696,7,0.07,0.37,October,44
2024-10-31,CAMP_004,SEO Organic,10739,696,7,0.07,0.37,October,44
2024-11-01,CAMP_004,SEO Organic,8826,572,6,0.06,0.31,November,44
2024-11-02,CAMP_004,SEO Organic,9122,591,6,0.06,0.32,November,44
2024-11-03,CAMP_004,SEO Organic,8192,531,5,0.05,0.28,November,44
2024-11-04,CAMP_004,SEO Organic,7405,480,5,0.05,0.26,November,45
2024-11-05,CAMP_004,SEO Organic,7584,491,5,0.05,0.26,November,45
2024-11-06,CAMP_004,SEO Organic,9329,604,6,0.06,0.32,November,45
2024-11-07,CAMP_004,SEO Organic,9734,631,6,0.06,0.34,November,45
2024-11-08,CAMP_004,SEO Organic,9932,644,6,0.06,0.34,November,45
2024-11-09,CAMP_004,SEO Organic,9922,643,6,0.06,0.34,November,45
2024-11-10,CAMP_004,SEO Organic,6380,413,4,0.04,0.22,November,45
2024-11-11,CAMP_004,SEO Organic,8425,546,5,0.05,0.29,November,46
2024-11-12,CAMP_004,SEO Organic,6209,402,4,0.04,0.21,November,46
2024-11-13,CAMP_004,SEO Organic,8705,564,6,0.06,0.3,November,46
2024-11-14,CAMP_004,SEO Organic,8157,528,5,0.05,0.28,November,46
2024-11-15,CAMP_004,SEO Organic,10420,675,7,0.07,0.36,November,46
2024-11-16,CAMP_004,SEO Organic,7697,499,5,0.05,0.27,November,46
2024-11-17,CAMP_004,SEO Organic,6511,422,4,0.04,0.23,November,46
2024-11-18,CAMP_004,SEO Organic,6643,430,4,0.04,0.23,November,47
2024-11-19,CAMP_004,SEO Organic,9780,634,6,0.06,0.34,November,47
2024-11-20,CAMP_004,SEO Organic,9053,587,6,0.06,0.31,November,47
2024-11-21,CAMP_004,SEO Organic,6430,416,4,0.04,0.22,November,47
2024-11-22,CAMP_004,SEO Organic,6344,411,4,0.04,0.22,November,47
2024-11-23,CAMP_004,SEO Organic,9473,614,6,0.06,0.33,November,47
2024-11-24,CAMP_004,SEO Organic,6286,407,4,0.04,0.22,November,47
2024-11-25,CAMP_004,SEO Organic,10086,653,7,0.07,0.35,November,48
2024-11-26,CAMP_004,SEO Organic,9500,615,6,0.06,0.33,November,48
2024-11-27,CAMP_004,SEO Organic,6330,410,4,0.04,0.22,November,48
2024-11-28,CAMP_004,SEO Organic,6348,411,4,0.04,0.22,November,48
2024-11-29,CAMP_004,SEO Organic,10922,708,7,0.07,0.38,November,48
2024-11-30,CAMP_004,SEO Organic,7816,506,5,0.05,0.27,November,48
2024-12-01,CAMP_004,SEO Organic,7797,505,5,0.05,0.27,December,48
2024-12-02,CAMP_004,SEO Organic,10040,651,7,0.07,0.35,December,49
2024-12-03,CAMP_004,SEO Organic,10722,695,7,0.07,0.37,December,49
2024-12-04,CAMP_004,SEO Organic,10919,707,7,0.07,0.38,December,49
2024-12-05,CAMP_004,SEO Organic,9739,631,6,0.06,0.34,December,49
2024-12-06,CAMP_004,SEO Organic,7826,507,5,0.05,0.27,December,49
2024-12-07,CAMP_004,SEO Organic,6341,411,4,0.04,0.22,December,49
2024-12-08,CAMP_004,SEO Organic,9859,639,6,0.06,0.34,December,49
2024-12-09,CAMP_004,SEO Organic,8750,567,6,0.06,0.3,December,50
2024-12-10,CAMP_004,SEO Organic,8069,523,5,0.05,0.28,December,50
2024-12-11,CAMP_004,SEO Organic,10515,681,7,0.07,0.36,December,50
2024-12-12,CAMP_004,SEO Organic,6481,420,4,0.04,0.22,December,50
2024-12-13,CAMP_004,SEO Organic,8416,545,5,0.05,0.29,December,50
2024-12-14,CAMP_004,SEO Organic,5975,387,4,0.04,0.21,December,50
2024-12-15,CAMP_004,SEO Organic,8294,537,5,0.05,0.29,December,50
2024-06-23,CAMP_005,Google Ads,1796,53,2,72.06,221.23,June,25
2024-06-24,CAMP_005,Google Ads,1888,56,2,75.74,232.54,June,26
2024-06-25,CAMP_005,Google Ads,1886,56,2,75.67,232.31,June,26
2024-06-26,CAMP_005,Google Ads,2667,79,3,106.99,328.49,June,26
2024-06-27,CAMP_005,Google Ads,2809,83,3,112.7,346.01,June,26
2024-06-28,CAMP_005,Google Ads,2570,76,2,103.11,316.58,June,26
2024-06-29,CAMP_005,Google Ads,3127,93,3,125.43,385.1,June,26
2024-06-30,CAMP_005,Google Ads,2264,67,2,90.83,278.86,June,26
2024-07-01,CAMP_005,Google Ads,2133,63,2,85.58,262.73,July,27
2024-07-02,CAMP_005,Google Ads,2989,89,3,119.92,368.18,July,27
2024-07-03,CAMP_005,Google Ads,2042,60,2,81.92,251.5,July,27
2024-07-04,CAMP_005,Google Ads,3128,93,3,125.5,385.29,July,27
2024-07-05,CAMP_005,Google Ads,1731,51,1,69.46,213.25,July,27
2024-07-06,CAMP_005,Google Ads,3138,93,3,125.89,386.5,July,27
2024-07-07,CAMP_005,Google Ads,1777,52,2,71.28,218.85,July,27
2024-07-08,CAMP_005,Google Ads,3022,90,3,121.25,372.25,July,28
2024-07-09,CAMP_005,Google Ads,2488,74,2,99.83,306.51,July,28
2024-07-10,CAMP_005,Google Ads,3172,94,3,127.25,390.67,July,28
2024-07-11,CAMP_005,Google Ads,1822,54,2,73.09,224.4,July,28
2024-07-12,CAMP_005,Google Ads,2527,75,2,101.38,311.24,July,28
2024-07-13,CAMP_005,Google Ads,3137,93,3,125.85,386.39,July,28
2024-07-14,CAMP_005,Google Ads,2482,73,2,99.56,305.67,July,28
2024-07-15,CAMP_005,Google Ads,2638,78,2,105.83,324.9,July,29
2024-07-16,CAMP_005,Google Ads,2735,81,3,109.74,336.91,July,29
2024-07-17,CAMP_005,Google Ads,2381,70,2,95.52,293.27,July,29
2024-07-18,CAMP_005,Google Ads,2635,78,2,105.72,324.57,July,29
2024-07-19,CAMP_005,Google Ads,2572,76,2,103.17,316.75,July,29
2024-07-20,CAMP_005,Google Ads,3037,90,3,121.84,374.06,July,29
2024-07-21,CAMP_005,Google Ads,1780,53,2,71.42,219.27,July,29
2024-07-22,CAMP_005,Google Ads,2126,63,2,85.3,261.87,July,30
2024-07-23,CAMP_005,Google Ads,3109,92,3,124.74,382.97,July,30
2024-07-24,CAMP_005,Google Ads,3021,90,3,121.2,372.09,July,30
2024-07-25,CAMP_005,Google Ads,2383,71,2,95.59,293.47,July,30
2024-07-26,CAMP_005,Google Ads,2624,78,2,105.28,323.23,July,30
2024-07-27,CAMP_005,Google Ads,2121,63,2,85.09,261.23,July,30
2024-07-28,CAMP_005,Google Ads,1990,59,2,79.83,245.08,July,30
2024-07-29,CAMP_005,Google Ads,2394,71,2,96.06,294.93,July,31
2024-07-30,CAMP_005,Google Ads,2232,66,2,89.56,274.97,July,31
2024-07-31,CAMP_005,Google Ads,2571,76,2,103.13,316.63,July,31
2024-08-01,CAMP_005,Google Ads,1827,54,2,73.32,225.11,August,31
2024-08-02,CAMP_005,Google Ads,3145,93,3,126.15,387.31,August,31
2024-08-03,CAMP_005,Google Ads,3162,94,3,126.85,389.45,August,31
2024-08-04,CAMP_005,Google Ads,2739,81,3,109.88,337.34,August,31
2024-08-05,CAMP_005,Google Ads,2501,74,2,100.33,308.03,August,32
2024-08-06,CAMP_005,Google Ads,2168,64,2,86.98,267.04,August,32
2024-08-07,CAMP_005,Google Ads,2909,86,3,116.69,358.26,August,32
2024-08-08,CAMP_005,Google Ads,2719,81,3,109.09,334.91,August,32
2024-08-09,CAMP_005,Google Ads,1952,58,2,78.32,240.46,August,32
2024-08-10,CAMP_005,Google Ads,3051,90,3,122.41,375.83,August,32
2024-02-19,CAMP_006,Instagram Ads,8726,415,6,466.61,907.62,February,8
2024-02-20,CAMP_006,Instagram Ads,9284,441,7,496.46,965.69,February,8
2024-02-21,CAMP_006,Instagram Ads,8301,395,6,443.9,863.44,February,8
2024-02-22,CAMP_006,Instagram Ads,7808,371,6,417.55,812.2,February,8
2024-02-23,CAMP_006,Instagram Ads,6952,330,5,371.77,723.15,February,8
2024-02-24,CAMP_006,Instagram Ads,9209,438,7,492.45,957.9,February,8
2024-02-25,CAMP_006,Instagram Ads,8917,424,6,476.82,927.48,February,8
2024-02-26,CAMP_006,Instagram Ads,5316,252,4,284.27,552.95,February,9
2024-02-27,CAMP_006,Instagram Ads,5233,249,4,279.85,544.35,February,9
2024-02-28,CAMP_006,Instagram Ads,6769,322,5,361.97,704.09,February,9
2024-02-29,CAMP_006,Instagram Ads,8673,412,6,463.8,902.15,February,9
2024-03-01,CAMP_006,Instagram Ads,9448,449,7,505.25,982.79,March,9
2024-03-02,CAMP_006,Instagram Ads,5777,274,4,308.95,600.95,March,9
2024-03-03,CAMP_006,Instagram Ads,7724,367,6,413.03,803.4,March,9
2024-03-04,CAMP_006,Instagram Ads,6788,323,5,363.01,706.11,March,10
2024-03-05,CAMP_006,Instagram Ads,9372,446,7,501.18,974.86,March,10
2024-03-06,CAMP_006,Instagram Ads,8812,419,6,471.2,916.55,March,10
2024-03-07,CAMP_006,Instagram Ads,8795,418,6,470.31,914.82,March,10
2024-03-08,CAMP_006,Instagram Ads,7174,341,5,383.61,746.17,March,10
2024-03-09,CAMP_006,Instagram Ads,6937,330,5,370.97,721.59,March,10
2024-03-10,CAMP_006,Instagram Ads,6317,300,4,337.8,657.07,March,10
2024-03-11,CAMP_006,Instagram Ads,5365,255,4,286.89,558.04,March,11
2024-03-12,CAMP_006,Instagram Ads,8911,424,6,476.5,926.87,March,11
2024-03-13,CAMP_006,Instagram Ads,8684,413,6,464.35,903.22,March,11
2024-03-14,CAMP_006,Instagram Ads,9503,452,7,508.17,988.46,March,11
2024-03-15,CAMP_006,Instagram Ads,9490,451,7,507.44,987.06,March,11
2024-03-16,CAMP_006,Instagram Ads,7554,359,5,403.95,785.75,March,11
2024-03-17,CAMP_006,Instagram Ads,8491,404,6,454.05,883.19,March,11
2024-03-18,CAMP_006,Instagram Ads,9262,440,7,495.28,963.39,March,12
2024-03-19,CAMP_006,Instagram Ads,8845,420,6,472.97,919.99,March,12
2024-03-20,CAMP_006,Instagram Ads,6203,295,4,331.68,645.18,March,12
2024-03-21,CAMP_006,Instagram Ads,7094,337,5,379.35,737.89,March,12
2024-03-22,CAMP_006,Instagram Ads,5684,270,4,303.96,591.25,March,12
2024-03-23,CAMP_006,Instagram Ads,9303,442,7,497.46,967.63,March,12
2024-03-24,CAMP_006,Instagram Ads,7777,370,6,415.85,808.9,March,12
2024-03-25,CAMP_006,Instagram Ads,6120,291,4,327.3,636.64,March,13
2024-03-26,CAMP_006,Instagram Ads,8064,383,6,431.22,838.8,March,13
2024-03-27,CAMP_006,Instagram Ads,7829,372,6,418.66,814.35,March,13
2024-03-28,CAMP_006,Instagram Ads,6689,318,5,357.68,695.74,March,13
2024-03-29,CAMP_006,Instagram Ads,5616,267,4,300.3,584.13,March,13
2024-03-30,CAMP_006,Instagram Ads,8064,383,6,431.19,838.74,March,13
2024-03-31,CAMP_006,Instagram Ads,7400,352,5,395.71,769.72,March,13
2024-04-01,CAMP_006,Instagram Ads,8506,404,6,454.83,884.71,April,14
2024-04-02,CAMP_006,Instagram Ads,7399,352,5,395.68,769.65,April,14
2024-04-03,CAMP_006,Instagram Ads,8856,421,6,473.56,921.15,April,14
2024-04-04,CAMP_006,Instagram Ads,7539,358,5,403.12,784.14,April,14
2024-04-05,CAMP_006,Instagram Ads,7578,360,5,405.24,788.26,April,14
2024-04-06,CAMP_006,Instagram Ads,8963,426,7,479.3,932.31,April,14
2024-04-07,CAMP_006,Instagram Ads,6887,327,5,368.31,716.42,April,14
2024-04-08,CAMP_006,Instagram Ads,5705,271,4,305.1,593.47,April,15
2024-04-09,CAMP_006,Instagram Ads,5244,249,4,280.42,545.45,April,15
2024-04-10,CAMP_006,Instagram Ads,8430,401,6,450.8,876.87,April,15
2024-04-11,CAMP_006,Instagram Ads,7839,373,6,419.17,815.35,April,15
2024-04-12,CAMP_006,Instagram Ads,8206,390,6,438.82,853.57,April,15
2024-04-13,CAMP_006,Instagram Ads,6052,288,4,323.62,629.49,April,15
2024-04-14,CAMP_006,Instagram Ads,5716,272,4,305.65,594.54,April,15
2024-04-15,CAMP_006,Instagram Ads,5181,246,4,277.08,538.95,April,16
2024-04-16,CAMP_006,Instagram Ads,6655,316,5,355.9,692.28,April,16
2024-04-17,CAMP_006,Instagram Ads,7705,366,6,412.04,801.48,April,16
2024-08-23,CAMP_007,SEO Organic,1211,59,1,0.01,0.04,August,34
2024-08-24,CAMP_007,SEO Organic,1246,61,1,0.01,0.04,August,34
2024-08-25,CAMP_007,SEO Organic,1608,79,2,0.01,0.05,August,34
2024-08-26,CAMP_007,SEO Organic,1176,57,1,0.01,0.04,August,35
2024-08-27,CAMP_007,SEO Organic,1305,64,1,0.01,0.04,August,35
2024-08-28,CAMP_007,SEO Organic,1515,74,2,0.01,0.05,August,35
2024-08-29,CAMP_007,SEO Organic,1214,59,1,0.01,0.04,August,35
2024-08-30,CAMP_007,SEO Organic,1389,68,1,0.01,0.04,August,35
2024-08-31,CAMP_007,SEO Organic,1576,77,2,0.01,0.05,August,35
2024-09-01,CAMP_007,SEO Organic,1643,80,2,0.01,0.05,September,35
2024-09-02,CAMP_007,SEO Organic,1020,50,1,0.0,0.03,September,36
2024-09-03,CAMP_007,SEO Organic,1626,79,2,0.01,0.05,September,36
2024-09-04,CAMP_007,SEO Organic,1288,63,1,0.01,0.04,September,36
2024-09-05,CAMP_007,SEO Organic,1106,54,1,0.01,0.03,September,36
2024-09-06,CAMP_007,SEO Organic,1263,62,1,0.01,0.04,September,36
2024-09-07,CAMP_007,SEO Organic,1667,81,2,0.01,0.05,September,36
2024-09-08,CAMP_007,SEO Organic,1289,63,1,0.01,0.04,September,36
2024-09-09,CAMP_007,SEO Organic,1161,57,1,0.01,0.04,September,37
2024-09-10,CAMP_007,SEO Organic,1398,68,1,0.01,0.04,September,37
2024-09-11,CAMP_007,SEO Organic,1092,53,1,0.01,0.03,September,37
2024-09-12,CAMP_007,SEO Organic,965,47,1,0.0,0.03,September,37
2024-09-13,CAMP_007,SEO Organic,1006,49,1,0.0,0.03,September,37
2024-09-14,CAMP_007,SEO Organic,1005,49,1,0.0,0.03,September,37
2024-09-15,CAMP_007,SEO Organic,1024,50,1,0.01,0.03,September,37
2024-09-16,CAMP_007,SEO Organic,1014,49,1,0.0,0.03,September,38
2024-09-17,CAMP_007,SEO Organic,1404,68,1,0.01,0.04,September,38
2024-09-18,CAMP_007,SEO Organic,1047,51,1,0.01,0.03,September,38
2024-09-19,CAMP_007,SEO Organic,1174,57,1,0.01,0.04,September,38
2024-09-20,CAMP_007,SEO Organic,1603,78,2,0.01,0.05,September,38
2024-09-21,CAMP_007,SEO Organic,1274,62,1,0.01,0.04,September,38
2024-09-22,CAMP_007,SEO Organic,1424,69,2,0.01,0.04,September,38
2024-09-23,CAMP_007,SEO Organic,1040,51,1,0.01,0.03,September,39
2024-09-24,CAMP_007,SEO Organic,1055,51,1,0.01,0.03,September,39
2024-09-25,CAMP_007,SEO Organic,938,46,1,0.0,0.03,September,39
2024-09-26,CAMP_007,SEO Organic,1037,50,1,0.01,0.03,September,39
2024-09-27,CAMP_007,SEO Organic,1122,55,1,0.01,0.04,September,39
2024-09-28,CAMP_007,SEO Organic,1043,51,1,0.01,0.03,September,39
2024-09-29,CAMP_007,SEO Organic,975,47,1,0.0,0.03,September,39
2024-09-30,CAMP_007,SEO Organic,1000,49,1,0.0,0.03,September,40
2024-10-01,CAMP_007,SEO Organic,1264,62,1,0.01,0.04,October,40
2024-10-02,CAMP_007,SEO Organic,1066,52,1,0.01,0.03,October,40
2024-10-03,CAMP_007,SEO Organic,1189,58,1,0.01,0.04,October,40
2024-10-04,CAMP_007,SEO Organic,1297,63,1,0.01,0.04,October,40
2024-10-05,CAMP_007,SEO Organic,1442,70,2,0.01,0.05,October,40
2024-10-06,CAMP_007,SEO Organic,936,46,1,0.0,0.03,October,40
2024-10-07,CAMP_007,SEO Organic,1527,75,2,0.01,0.05,October,41
2024-10-08,CAMP_007,SEO Organic,1394,68,1,0.01,0.04,October,41
2024-10-09,CAMP_007,SEO Organic,969,47,1,0.0,0.03,October,41
2024-10-10,CAMP_007,SEO Organic,1584,77,2,0.01,0.05,October,41
2024-10-11,CAMP_007,SEO Organic,1621,79,2,0.01,0.05,October,41
2024-10-12,CAMP_007,SEO Organic,953,46,1,0.0,0.03,October,41
2024-10-13,CAMP_007,SEO Organic,1121,55,1,0.01,0.04,October,41
2024-10-14,CAMP_007,SEO Organic,1532,75,2,0.01,0.05,October,42
2024-10-15,CAMP_007,SEO Organic,1487,73,2,0.01,0.05,October,42
2024-10-16,CAMP_007,SEO Organic,1049,51,1,0.01,0.03,October,42
2024-10-17,CAMP_007,SEO Organic,1068,52,1,0.01,0.03,October,42
2024-10-18,CAMP_007,SEO Organic,1194,58,1,0.01,0.04,October,42
2024-10-19,CAMP_007,SEO Organic,1282,62,1,0.01,0.04,October,42
2024-10-20,CAMP_007,SEO Organic,1386,68,1,0.01,0.04,October,42
2024-10-21,CAMP_007,SEO Organic,1192,58,1,0.01,0.04,October,43
2024-10-22,CAMP_007,SEO Organic,1265,62,1,0.01,0.04,October,43
2024-10-23,CAMP_007,SEO Organic,1487,73,2,0.01,0.05,October,43
2024-10-24,CAMP_007,SEO Organic,934,45,1,0.0,0.03,October,43
2024-10-25,CAMP_007,SEO Organic,1102,54,1,0.01,0.03,October,43
2024-10-26,CAMP_007,SEO Organic,1460,71,2,0.01,0.05,October,43
2024-10-27,CAMP_007,SEO Organic,1601,78,2,0.01,0.05,October,43
2024-10-28,CAMP_007,SEO Organic,1303,64,1,0.01,0.04,October,44
2024-10-29,CAMP_007,SEO Organic,1319,64,1,0.01,0.04,October,44
2024-10-30,CAMP_007,SEO Organic,989,48,1,0.0,0.03,October,44
2024-10-31,CAMP_007,SEO Organic,1253,61,1,0.01,0.04,October,44
2024-11-01,CAMP_007,SEO Organic,1320,64,1,0.01,0.04,November,44
2024-11-02,CAMP_007,SEO Organic,1094,53,1,0.01,0.03,November,44
2024-11-03,CAMP_007,SEO Organic,1115,54,1,0.01,0.04,November,44
2024-11-04,CAMP_007,SEO Organic,1199,58,1,0.01,0.04,November,45
2024-11-05,CAMP_007,SEO Organic,921,45,1,0.0,0.03,November,45
2024-11-06,CAMP_007,SEO Organic,1156,56,1,0.01,0.04,November,45
2024-11-07,CAMP_007,SEO Organic,1070,52,1,0.01,0.03,November,45
2024-11-08,CAMP_007,SEO Organic,1160,57,1,0.01,0.04,November,45
2024-11-09,CAMP_007,SEO Organic,999,49,1,0.0,0.03,November,45
2024-11-10,CAMP_007,SEO Organic,1598,78,2,0.01,0.05,November,45
2024-11-11,CAMP_007,SEO Organic,1367,67,1,0.01,0.04,November,46
2024-11-12,CAMP_007,SEO Organic,1433,70,2,0.01,0.05,November,46
2024-11-17,CAMP_008,Email,8262,1288,65,48.93,551.85,November,46
2024-11-18,CAMP_008,Email,7034,1097,55,41.66,469.82,November,47
2024-11-19,CAMP_008,Email,5295,826,41,31.36,353.7,November,47
2024-11-20,CAMP_008,Email,7197,1122,56,42.62,480.73,November,47
2024-11-21,CAMP_008,Email,7407,1155,58,43.87,494.76,November,47
2024-11-22,CAMP_008,Email,8077,1259,63,47.84,539.51,November,47
2024-11-23,CAMP_008,Email,6752,1053,53,39.99,450.97,November,47
2024-11-24,CAMP_008,Email,5467,852,43,32.38,365.18,November,47
2024-11-25,CAMP_008,Email,6127,955,48,36.29,409.25,November,48
2024-11-26,CAMP_008,Email,6462,1008,51,38.27,431.62,November,48
2024-11-27,CAMP_008,Email,7657,1194,60,45.35,511.43,November,48
2024-11-28,CAMP_008,Email,7340,1144,57,43.47,490.23,November,48
2024-11-29,CAMP_008,Email,6433,1003,50,38.1,429.65,November,48
2024-11-30,CAMP_008,Email,9096,1418,71,53.87,607.53,November,48
2024-12-01,CAMP_008,Email,7487,1167,59,44.34,500.1,December,48
2024-12-02,CAMP_008,Email,5930,925,46,35.12,396.11,December,49
2024-12-03,CAMP_008,Email,5358,835,42,31.73,357.9,December,49
2024-12-04,CAMP_008,Email,5574,869,44,33.01,372.31,December,49
2024-12-05,CAMP_008,Email,5967,930,47,35.34,398.58,December,49
2024-12-06,CAMP_008,Email,5607,874,44,33.21,374.52,December,49
2024-12-07,CAMP_008,Email,5716,891,45,33.85,381.82,December,49
2024-12-08,CAMP_008,Email,6133,956,48,36.32,409.62,December,49
2024-12-09,CAMP_008,Email,5661,883,44,33.52,378.1,December,50
2024-12-10,CAMP_008,Email,8717,1359,68,51.62,582.2,December,50
2024-12-11,CAMP_008,Email,5267,821,41,31.19,351.82,December,50
2024-12-12,CAMP_008,Email,7144,1114,56,42.31,477.17,December,50
2024-12-13,CAMP_008,Email,6662,1039,52,39.45,444.97,December,50
2024-12-14,CAMP_008,Email,9078,1416,71,53.76,606.36,December,50
2024-12-15,CAMP_008,Email,5402,842,42,31.99,360.79,December,50
2024-12-16,CAMP_008,Email,6609,1030,52,39.14,441.44,December,51
2024-12-17,CAMP_008,Email,9024,1407,71,53.44,602.72,December,51
2024-12-18,CAMP_008,Email,8585,1339,67,50.84,573.39,December,51
2024-12-19,CAMP_008,Email,8380,1307,66,49.63,559.72,December,51
2024-12-20,CAMP_008,Email,6018,938,47,35.64,401.95,December,51
2024-12-21,CAMP_008,Email,5650,881,44,33.46,377.4,December,51
2024-12-22,CAMP_008,Email,7753,1209,61,45.91,517.84,December,51
2024-12-23,CAMP_008,Email,8855,1381,69,52.44,591.41,December,52
2024-12-24,CAMP_008,Email,7280,1135,57,43.12,486.27,December,52
2024-12-25,CAMP_008,Email,7343,1145,57,43.49,490.46,December,52
2024-12-26,CAMP_008,Email,6111,953,48,36.19,408.18,December,52
2024-12-27,CAMP_008,Email,8179,1275,64,48.44,546.29,December,52
2024-12-28,CAMP_008,Email,5718,892,45,33.87,381.95,December,52
2024-12-29,CAMP_008,Email,6296,982,49,37.28,420.51,December,52
2024-12-30,CAMP_008,Email,6726,1049,53,39.83,449.22,December,1
2024-05-28,CAMP_009,Google Ads,18203,815,19,1803.2,5812.29,May,22
2024-05-29,CAMP_009,Google Ads,15319,686,16,1517.58,4891.64,May,22
2024-05-30,CAMP_009,Google Ads,13932,624,15,1380.18,4448.77,May,22
2024-05-31,CAMP_009,Google Ads,19323,865,21,1914.14,6169.89,May,22
2024-06-01,CAMP_009,Google Ads,15822,708,17,1567.36,5052.1,June,22
2024-06-02,CAMP_009,Google Ads,19003,851,20,1882.49,6067.89,June,22
2024-06-03,CAMP_009,Google Ads,14362,643,15,1422.75,4585.98,June,23
2024-06-04,CAMP_009,Google Ads,17915,802,19,1774.69,5720.4,June,23
2024-06-05,CAMP_009,Google Ads,18474,827,20,1830.1,5899.0,June,23
2024-06-06,CAMP_009,Google Ads,13247,593,14,1312.31,4230.02,June,23
2024-06-07,CAMP_009,Google Ads,16344,732,17,1619.02,5218.64,June,23
2024-06-08,CAMP_009,Google Ads,14145,633,15,1401.26,4516.73,June,23
2024-06-09,CAMP_009,Google Ads,13373,599,14,1324.76,4270.12,June,23
2024-06-10,CAMP_009,Google Ads,23447,1050,25,2322.69,7486.78,June,24
2024-06-11,CAMP_009,Google Ads,16189,725,17,1603.68,5169.17,June,24
2024-06-12,CAMP_009,Google Ads,21489,962,23,2128.74,6861.61,June,24
2024-06-13,CAMP_009,Google Ads,15452,692,16,1530.75,4934.1,June,24
2024-06-14,CAMP_009,Google Ads,20093,900,21,1990.48,6415.96,June,24
2024-06-15,CAMP_009,Google Ads,20949,938,22,2075.27,6689.26,June,24
2024-06-16,CAMP_009,Google Ads,19160,858,20,1898.0,6117.88,June,24
2024-06-17,CAMP_009,Google Ads,17811,797,19,1764.39,5687.2,June,25
2024-06-18,CAMP_009,Google Ads,17162,768,18,1700.05,5479.82,June,25
2024-06-19,CAMP_009,Google Ads,16477,738,17,1632.23,5261.21,June,25
2024-06-20,CAMP_009,Google Ads,22790,1020,24,2257.6,7276.99,June,25
2024-11-21,CAMP_010,Google Ads,3690,177,2,201.77,879.21,November,47
2024-11-22,CAMP_010,Google Ads,3939,189,2,215.35,938.37,November,47
2024-11-23,CAMP_010,Google Ads,2385,114,1,130.42,568.28,November,47
2024-11-24,CAMP_010,Google Ads,3506,168,2,191.69,835.3,November,47
2024-11-25,CAMP_010,Google Ads,3889,187,2,212.65,926.63,November,48
2024-11-26,CAMP_010,Google Ads,2490,119,1,136.17,593.35,November,48
2024-11-27,CAMP_010,Google Ads,2278,109,1,124.58,542.84,November,48
2024-11-28,CAMP_010,Google Ads,3525,169,2,192.73,839.81,November,48
2024-11-29,CAMP_010,Google Ads,3217,154,2,175.89,766.45,November,48
2024-11-30,CAMP_010,Google Ads,3711,178,2,202.9,884.14,November,48
2024-12-01,CAMP_010,Google Ads,2414,116,1,131.98,575.1,December,48
2024-12-02,CAMP_010,Google Ads,3625,174,2,198.2,863.65,December,49
2024-12-03,CAMP_010,Google Ads,2528,121,1,138.23,602.33,December,49
2024-12-04,CAMP_010,Google Ads,2458,118,1,134.39,585.61,December,49
2024-12-05,CAMP_010,Google Ads,2459,118,1,134.45,585.88,December,49
2024-12-06,CAMP_010,Google Ads,3661,176,2,200.15,872.15,December,49
2024-12-07,CAMP_010,Google Ads,3385,162,2,185.06,806.39,December,49
2024-12-08,CAMP_010,Google Ads,3122,150,2,170.7,743.82,December,49
2024-12-09,CAMP_010,Google Ads,2818,135,2,154.11,671.53,December,50
2024-12-10,CAMP_010,Google Ads,3776,181,2,206.48,899.71,December,50
2024-12-11,CAMP_010,Google Ads,2881,138,2,157.5,686.32,December,50
2024-12-12,CAMP_010,Google Ads,3664,176,2,200.35,873.04,December,50
2024-12-13,CAMP_010,Google Ads,2967,142,2,162.22,706.88,December,50
2024-12-14,CAMP_010,Google Ads,2852,137,2,155.94,679.5,December,50
2024-12-15,CAMP_010,Google Ads,3010,144,2,164.6,717.24,December,50
2024-12-16,CAMP_010,Google Ads,2712,130,2,148.3,646.24,December,51
2024-12-17,CAMP_010,Google Ads,3537,170,2,193.38,842.67,December,51
2024-12-18,CAMP_010,Google Ads,3084,148,2,168.64,734.87,December,51
2024-12-19,CAMP_010,Google Ads,2585,124,1,141.32,615.79,December,51
2024-12-20,CAMP_010,Google Ads,3818,183,2,208.74,909.56,December,51
2024-12-21,CAMP_010,Google Ads,2865,137,2,156.64,682.56,December,51
2024-12-22,CAMP_010,Google Ads,3160,152,2,172.77,752.84,December,51
2024-12-23,CAMP_010,Google Ads,3830,184,2,209.43,912.6,December,52
2024-12-24,CAMP_010,Google Ads,3309,159,2,180.92,788.36,December,52
2024-12-25,CAMP_010,Google Ads,2371,114,1,129.67,565.03,December,52
2024-12-26,CAMP_010,Google Ads,3892,187,2,212.8,927.28,December,52
2024-12-27,CAMP_010,Google Ads,3315,159,2,181.27,789.89,December,52
2024-12-28,CAMP_010,Google Ads,2774,133,2,151.69,660.99,December,52
2024-12-29,CAMP_010,Google Ads,2413,116,1,131.93,574.88,December,52
2024-12-30,CAMP_010,Google Ads,3623,174,2,198.07,863.1,December,1
2024-11-27,CAMP_011,Instagram Ads,15106,587,11,622.0,1629.24,November,48
2024-11-28,CAMP_011,Instagram Ads,14374,558,10,591.85,1550.26,November,48
2024-11-29,CAMP_011,Instagram Ads,17422,677,12,717.33,1878.92,November,48
2024-11-30,CAMP_011,Instagram Ads,16531,642,12,680.67,1782.91,November,48
2024-12-01,CAMP_011,Instagram Ads,11146,433,8,458.94,1202.13,December,48
2024-12-02,CAMP_011,Instagram Ads,12499,485,9,514.66,1348.07,December,49
2024-12-03,CAMP_011,Instagram Ads,11965,464,8,492.65,1290.41,December,49
2024-12-04,CAMP_011,Instagram Ads,16154,627,12,665.13,1742.19,December,49
2024-12-05,CAMP_011,Instagram Ads,10147,394,7,417.82,1094.4,December,49
2024-12-06,CAMP_011,Instagram Ads,14682,570,10,604.53,1583.48,December,49
2024-12-07,CAMP_011,Instagram Ads,16310,633,12,671.57,1759.07,December,49
2024-12-08,CAMP_011,Instagram Ads,17277,671,12,711.36,1863.3,December,49
2024-12-09,CAMP_011,Instagram Ads,12756,495,9,525.23,1375.75,December,50
2024-12-10,CAMP_011,Instagram Ads,16807,653,12,692.04,1812.69,December,50
2024-12-11,CAMP_011,Instagram Ads,10799,419,8,444.66,1164.7,December,50
2024-12-12,CAMP_011,Instagram Ads,17020,661,12,700.81,1835.66,December,50
2024-12-13,CAMP_011,Instagram Ads,10942,425,8,450.52,1180.08,December,50
2024-12-14,CAMP_011,Instagram Ads,13223,513,9,544.45,1426.09,December,50
2024-12-15,CAMP_011,Instagram Ads,16605,645,12,683.7,1790.84,December,50
2024-12-16,CAMP_011,Instagram Ads,11131,432,8,458.33,1200.53,December,51
2024-12-17,CAMP_011,Instagram Ads,11802,458,8,485.95,1272.87,December,51
2024-12-18,CAMP_011,Instagram Ads,15970,620,11,657.57,1722.41,December,51
2024-12-19,CAMP_011,Instagram Ads,15952,619,11,656.8,1720.39,December,51
2024-03-24,CAMP_012,Facebook Ads,3280,33,0,34.02,130.63,March,12
2024-03-25,CAMP_012,Facebook Ads,3375,34,0,35.01,134.45,March,13
2024-03-26,CAMP_012,Facebook Ads,3101,31,0,32.17,123.52,March,13
2024-03-27,CAMP_012,Facebook Ads,2573,26,0,26.69,102.5,March,13
2024-03-28,CAMP_012,Facebook Ads,2744,28,0,28.46,109.28,March,13
2024-03-29,CAMP_012,Facebook Ads,2446,24,0,25.37,97.43,March,13
2024-03-30,CAMP_012,Facebook Ads,3765,38,0,39.05,149.95,March,13
2024-03-31,CAMP_012,Facebook Ads,3175,32,0,32.93,126.46,March,13
2024-04-01,CAMP_012,Facebook Ads,2844,29,0,29.5,113.27,April,14
2024-04-02,CAMP_012,Facebook Ads,2955,30,0,30.65,117.69,April,14
2024-04-03,CAMP_012,Facebook Ads,3835,39,0,39.78,152.75,April,14
2024-04-04,CAMP_012,Facebook Ads,2395,24,0,24.84,95.38,April,14
2024-04-05,CAMP_012,Facebook Ads,3180,32,0,32.99,126.66,April,14
2024-04-06,CAMP_012,Facebook Ads,3034,30,0,31.47,120.86,April,14
2024-04-07,CAMP_012,Facebook Ads,3226,32,0,33.46,128.49,April,14
2024-04-08,CAMP_012,Facebook Ads,2149,21,0,22.29,85.61,April,15
2024-04-09,CAMP_012,Facebook Ads,3699,37,0,38.37,147.32,April,15
2024-04-10,CAMP_012,Facebook Ads,3808,38,0,39.49,151.66,April,15
2024-04-11,CAMP_012,Facebook Ads,3142,32,0,32.59,125.14,April,15
2024-04-12,CAMP_012,Facebook Ads,3380,34,0,35.06,134.64,April,15
2024-04-13,CAMP_012,Facebook Ads,3790,38,0,39.31,150.96,April,15
2024-04-14,CAMP_012,Facebook Ads,3400,34,0,35.26,135.41,April,15
2024-04-15,CAMP_012,Facebook Ads,2393,24,0,24.82,95.33,April,16
2024-04-16,CAMP_012,Facebook Ads,3162,32,0,32.8,125.95,April,16
2024-04-17,CAMP_012,Facebook Ads,3217,32,0,33.37,128.14,April,16
2024-04-18,CAMP_012,Facebook Ads,2886,29,0,29.94,114.95,April,16
2024-04-19,CAMP_012,Facebook Ads,3453,35,0,35.81,137.52,April,16
2024-04-20,CAMP_012,Facebook Ads,3812,38,0,39.54,151.82,April,16
2024-04-21,CAMP_012,Facebook Ads,3796,38,0,39.37,151.18,April,16
2024-04-22,CAMP_012,Facebook Ads,2934,29,0,30.44,116.88,April,17
2024-04-23,CAMP_012,Facebook Ads,2322,23,0,24.08,92.49,April,17
2024-04-24,CAMP_012,Facebook Ads,3903,39,0,40.49,155.47,April,17
2024-04-25,CAMP_012,Facebook Ads,3638,37,0,37.74,144.92,April,17
2024-04-26,CAMP_012,Facebook Ads,2343,23,0,24.3,93.31,April,17
2024-04-27,CAMP_012,Facebook Ads,3787,38,0,39.28,150.84,April,17
2024-04-28,CAMP_012,Facebook Ads,3695,37,0,38.32,147.16,April,17
2024-04-29,CAMP_012,Facebook Ads,3058,31,0,31.72,121.79,April,18
2024-04-30,CAMP_012,Facebook Ads,3189,32,0,33.08,127.03,April,18
2024-05-01,CAMP_012,Facebook Ads,2840,29,0,29.46,113.13,May,18
2024-05-02,CAMP_012,Facebook Ads,2216,22,0,22.98,88.26,May,18
2024-05-03,CAMP_012,Facebook Ads,2725,27,0,28.26,108.52,May,18
2024-05-04,CAMP_012,Facebook Ads,3573,36,0,37.06,142.32,May,18
2024-05-05,CAMP_012,Facebook Ads,2125,21,0,22.04,84.64,May,18
2024-05-06,CAMP_012,Facebook Ads,2721,27,0,28.23,108.4,May,19
2024-05-07,CAMP_012,Facebook Ads,2839,28,0,29.45,113.07,May,19
2024-05-08,CAMP_012,Facebook Ads,3091,31,0,32.07,123.14,May,19
2024-05-09,CAMP_012,Facebook Ads,3785,38,0,39.26,150.77,May,19
2024-05-10,CAMP_012,Facebook Ads,2745,28,0,28.47,109.33,May,19
2024-05-11,CAMP_012,Facebook Ads,2746,28,0,28.48,109.37,May,19
2024-05-12,CAMP_012,Facebook Ads,3454,35,0,35.83,137.59,May,19
2024-05-13,CAMP_012,Facebook Ads,2937,29,0,30.46,116.98,May,20
2024-05-14,CAMP_012,Facebook Ads,2524,25,0,26.18,100.53,May,20
2024-05-15,CAMP_012,Facebook Ads,2937,29,0,30.47,117.0,May,20
2024-05-16,CAMP_012,Facebook Ads,2372,24,0,24.6,94.48,May,20
2024-05-17,CAMP_012,Facebook Ads,2436,24,0,25.27,97.05,May,20
2024-05-18,CAMP_012,Facebook Ads,3021,30,0,31.33,120.32,May,20
2024-05-19,CAMP_012,Facebook Ads,2876,29,0,29.84,114.57,May,20
2024-05-20,CAMP_012,Facebook Ads,3776,38,0,39.17,150.41,May,21
2024-05-21,CAMP_012,Facebook Ads,2774,28,0,28.77,110.49,May,21
2024-05-22,CAMP_012,Facebook Ads,3170,32,0,32.88,126.26,May,21
2024-05-23,CAMP_012,Facebook Ads,3264,33,0,33.85,129.99,May,21
2024-05-24,CAMP_012,Facebook Ads,2140,21,0,22.2,85.25,May,21
2024-05-25,CAMP_012,Facebook Ads,3320,33,0,34.44,132.25,May,21
2024-05-26,CAMP_012,Facebook Ads,2439,24,0,25.3,97.17,May,21
2024-05-27,CAMP_012,Facebook Ads,3860,39,0,40.04,153.75,May,22
2024-05-28,CAMP_012,Facebook Ads,2386,24,0,24.75,95.05,May,22
2024-05-29,CAMP_012,Facebook Ads,2869,29,0,29.76,114.26,May,22
2024-05-30,CAMP_012,Facebook Ads,2271,23,0,23.56,90.47,May,22
2024-05-31,CAMP_012,Facebook Ads,3925,40,0,40.71,156.34,May,22
2024-06-01,CAMP_012,Facebook Ads,3028,30,0,31.4,120.59,June,22
2024-06-02,CAMP_012,Facebook Ads,3197,32,0,33.16,127.33,June,22
2024-06-03,CAMP_012,Facebook Ads,2238,22,0,23.22,89.15,June,23
2024-06-04,CAMP_012,Facebook Ads,3477,35,0,36.07,138.5,June,23
2024-01-29,CAMP_013,SEO Organic,8063,539,6,0.05,0.3,January,5
2024-01-30,CAMP_013,SEO Organic,12094,808,9,0.08,0.45,January,5
2024-01-31,CAMP_013,SEO Organic,8035,537,6,0.05,0.3,January,5
2024-02-01,CAMP_013,SEO Organic,7951,531,6,0.05,0.29,February,5
2024-02-02,CAMP_013,SEO Organic,7048,471,5,0.05,0.26,February,5
2024-02-03,CAMP_013,SEO Organic,9599,641,7,0.06,0.36,February,5
2024-02-04,CAMP_013,SEO Organic,10142,678,8,0.07,0.38,February,5
2024-02-05,CAMP_013,SEO Organic,7219,482,5,0.05,0.27,February,6
2024-02-06,CAMP_013,SEO Organic,11377,760,9,0.08,0.42,February,6
2024-02-07,CAMP_013,SEO Organic,9489,634,7,0.06,0.35,February,6
2024-02-08,CAMP_013,SEO Organic,9905,662,8,0.07,0.37,February,6
2024-02-09,CAMP_013,SEO Organic,9416,629,7,0.06,0.35,February,6
2024-02-10,CAMP_013,SEO Organic,9181,613,7,0.06,0.34,February,6
2024-02-11,CAMP_013,SEO Organic,10112,676,8,0.07,0.37,February,6
2024-02-12,CAMP_013,SEO Organic,7743,517,6,0.05,0.29,February,7
2024-02-13,CAMP_013,SEO Organic,7899,528,6,0.05,0.29,February,7
2024-02-14,CAMP_013,SEO Organic,11882,794,9,0.08,0.44,February,7
2024-02-15,CAMP_013,SEO Organic,12376,827,10,0.08,0.46,February,7
2024-02-16,CAMP_013,SEO Organic,9020,603,7,0.06,0.33,February,7
2024-02-17,CAMP_013,SEO Organic,8420,563,6,0.06,0.31,February,7
2024-02-18,CAMP_013,SEO Organic,10606,709,8,0.07,0.39,February,7
2024-02-19,CAMP_013,SEO Organic,9228,617,7,0.06,0.34,February,8
2024-02-20,CAMP_013,SEO Organic,6982,466,5,0.05,0.26,February,8
2024-02-21,CAMP_013,SEO Organic,7748,518,6,0.05,0.29,February,8
2024-02-22,CAMP_013,SEO Organic,11028,737,8,0.07,0.41,February,8
2024-02-23,CAMP_013,SEO Organic,10693,715,8,0.07,0.4,February,8
2024-02-24,CAMP_013,SEO Organic,6992,467,5,0.05,0.26,February,8
2024-02-25,CAMP_013,SEO Organic,8134,543,6,0.05,0.3,February,8
2024-02-26,CAMP_013,SEO Organic,8187,547,6,0.05,0.3,February,9
2024-02-27,CAMP_013,SEO Organic,10769,720,8,0.07,0.4,February,9
2024-02-28,CAMP_013,SEO Organic,6949,464,5,0.05,0.26,February,9
2024-02-29,CAMP_013,SEO Organic,7443,497,6,0.05,0.28,February,9
2024-03-01,CAMP_013,SEO Organic,11519,770,9,0.08,0.43,March,9
2024-03-02,CAMP_013,SEO Organic,7880,526,6,0.05,0.29,March,9
2024-03-03,CAMP_013,SEO Organic,10657,712,8,0.07,0.4,March,9
2024-03-04,CAMP_013,SEO Organic,8229,550,6,0.06,0.31,March,10
2024-03-05,CAMP_013,SEO Organic,7416,495,6,0.05,0.27,March,10
2024-03-06,CAMP_013,SEO Organic,8258,552,6,0.06,0.31,March,10
2024-03-07,CAMP_013,SEO Organic,11065,739,8,0.07,0.41,March,10
2024-03-08,CAMP_013,SEO Organic,11846,792,9,0.08,0.44,March,10
2024-03-09,CAMP_013,SEO Organic,11697,782,9,0.08,0.43,March,10
2024-03-10,CAMP_013,SEO Organic,9160,612,7,0.06,0.34,March,10
2024-03-11,CAMP_013,SEO Organic,10747,718,8,0.07,0.4,March,11
2024-04-18,CAMP_014,Instagram Ads,4252,93,2,135.9,456.45,April,16
2024-04-19,CAMP_014,Instagram Ads,4525,99,2,144.63,485.79,April,16
2024-04-20,CAMP_014,Instagram Ads,6395,139,3,204.39,686.51,April,16
2024-04-21,CAMP_014,Instagram Ads,3657,80,1,116.88,392.56,April,16
2024-04-22,CAMP_014,Instagram Ads,3882,84,1,124.06,416.69,April,17
2024-04-23,CAMP_014,Instagram Ads,4261,93,2,136.19,457.42,April,17
2024-04-24,CAMP_014,Instagram Ads,3699,80,1,118.22,397.07,April,17
2024-04-25,CAMP_014,Instagram Ads,4179,91,2,133.56,448.61,April,17
2024-04-26,CAMP_014,Instagram Ads,5424,118,2,173.35,582.26,April,17
2024-04-27,CAMP_014,Instagram Ads,4923,107,2,157.34,528.48,April,17
2024-04-28,CAMP_014,Instagram Ads,6384,139,3,204.03,685.29,April,17
2024-04-29,CAMP_014,Instagram Ads,6151,134,2,196.58,660.26,April,18
2024-04-30,CAMP_014,Instagram Ads,4676,102,2,149.45,501.98,April,18
2024-05-01,CAMP_014,Instagram Ads,4421,96,2,141.29,474.57,May,18
2024-05-02,CAMP_014,Instagram Ads,4794,104,2,153.21,514.59,May,18
2024-05-03,CAMP_014,Instagram Ads,5446,119,2,174.07,584.67,May,18
2024-05-04,CAMP_014,Instagram Ads,4447,97,2,142.15,477.44,May,18
2024-05-05,CAMP_014,Instagram Ads,5551,121,2,177.43,595.94,May,18
2024-05-06,CAMP_014,Instagram Ads,4886,106,2,156.15,524.48,May,19
2024-05-07,CAMP_014,Instagram Ads,5328,116,2,170.28,571.94,May,19
2024-05-08,CAMP_014,Instagram Ads,4969,108,2,158.8,533.37,May,19
2024-05-09,CAMP_014,Instagram Ads,4529,99,2,144.76,486.23,May,19
2024-05-10,CAMP_014,Instagram Ads,6557,143,3,209.56,703.86,May,19
2024-05-11,CAMP_014,Instagram Ads,5984,130,2,191.24,642.34,May,19
2024-05-12,CAMP_014,Instagram Ads,4051,88,1,129.47,434.86,May,19
2024-05-13,CAMP_014,Instagram Ads,6309,138,3,201.63,677.24,May,20
2024-05-14,CAMP_014,Instagram Ads,5128,112,2,163.88,550.44,May,20
2024-05-15,CAMP_014,Instagram Ads,6390,139,3,204.22,685.92,May,20
2024-05-16,CAMP_014,Instagram Ads,6096,133,2,194.84,654.41,May,20
2024-05-17,CAMP_014,Instagram Ads,4935,107,2,157.72,529.74,May,20
2024-05-18,CAMP_014,Instagram Ads,3686,80,1,117.82,395.71,May,20
2024-05-19,CAMP_014,Instagram Ads,4449,97,2,142.21,477.65,May,20
2024-05-20,CAMP_014,Instagram Ads,5296,115,2,169.25,568.48,May,21
2024-05-21,CAMP_014,Instagram Ads,5580,122,2,178.35,599.04,May,21
2024-05-22,CAMP_014,Instagram Ads,4416,96,2,141.14,474.05,May,21
2024-05-23,CAMP_014,Instagram Ads,4048,88,1,129.4,434.61,May,21
2024-05-24,CAMP_014,Instagram Ads,6205,135,3,198.31,666.08,May,21
2024-05-25,CAMP_014,Instagram Ads,6668,145,3,213.12,715.82,May,21
2024-05-26,CAMP_014,Instagram Ads,5246,114,2,167.67,563.17,May,21
2024-05-27,CAMP_014,Instagram Ads,4149,90,2,132.6,445.37,May,22
2024-05-28,CAMP_014,Instagram Ads,4461,97,2,142.57,478.85,May,22
2024-05-29,CAMP_014,Instagram Ads,3673,80,1,117.41,394.36,May,22
2024-05-30,CAMP_014,Instagram Ads,6451,141,3,206.17,692.49,May,22
2024-05-31,CAMP_014,Instagram Ads,3981,87,1,127.26,427.42,May,22
2024-06-01,CAMP_014,Instagram Ads,5404,118,2,172.71,580.09,June,22
2024-06-02,CAMP_014,Instagram Ads,4466,97,2,142.74,479.43,June,22
2024-06-03,CAMP_014,Instagram Ads,5334,116,2,170.49,572.65,June,23
2024-06-04,CAMP_014,Instagram Ads,5636,123,2,180.13,605.01,June,23
2024-06-05,CAMP_014,Instagram Ads,6189,135,3,197.8,664.35,June,23
2024-06-06,CAMP_014,Instagram Ads,4256,93,2,136.04,456.93,June,23
2024-06-07,CAMP_014,Instagram Ads,3651,79,1,116.68,391.9,June,23
2024-06-08,CAMP_014,Instagram Ads,4041,88,1,129.15,433.79,June,23
2024-06-09,CAMP_014,Instagram Ads,6407,140,3,204.76,687.74,June,23
2024-06-10,CAMP_014,Instagram Ads,6326,138,3,202.17,679.04,June,24
2024-06-11,CAMP_014,Instagram Ads,5469,119,2,174.78,587.04,June,24
2024-06-12,CAMP_014,Instagram Ads,5478,119,2,175.09,588.07,June,24
2024-06-13,CAMP_014,Instagram Ads,5678,124,2,181.48,609.54,June,24
2024-06-14,CAMP_014,Instagram Ads,4160,91,2,132.96,446.6,June,24
2024-06-15,CAMP_014,Instagram Ads,6451,141,3,206.19,692.53,June,24
2024-06-16,CAMP_014,Instagram Ads,4915,107,2,157.08,527.59,June,24
2024-06-17,CAMP_014,Instagram Ads,4804,105,2,153.55,515.73,June,25
2024-06-18,CAMP_014,Instagram Ads,5225,114,2,167.0,560.92,June,25
2024-06-19,CAMP_014,Instagram Ads,3762,82,1,120.24,403.87,June,25
2024-06-20,CAMP_014,Instagram Ads,4132,90,2,132.06,443.57,June,25
2024-06-21,CAMP_014,Instagram Ads,5904,129,2,188.71,633.83,June,25
2024-06-22,CAMP_014,Instagram Ads,3873,84,1,123.79,415.79,June,25
2024-06-23,CAMP_014,Instagram Ads,5486,120,2,175.35,588.95,June,25
2024-06-24,CAMP_014,Instagram Ads,4377,95,2,139.9,469.88,June,26
2024-06-25,CAMP_014,Instagram Ads,4823,105,2,154.16,517.78,June,26
2024-06-26,CAMP_014,Instagram Ads,4511,98,2,144.19,484.31,June,26
2024-06-27,CAMP_014,Instagram Ads,4719,103,2,150.83,506.59,June,26
2024-06-28,CAMP_014,Instagram Ads,5846,127,2,186.83,627.52,June,26
2024-06-29,CAMP_014,Instagram Ads,4538,99,2,145.03,487.11,June,26
2024-06-30,CAMP_014,Instagram Ads,5372,117,2,171.71,576.72,June,26
2024-07-01,CAMP_014,Instagram Ads,5092,111,2,162.75,546.65,July,27
2024-07-02,CAMP_014,Instagram Ads,5674,124,2,181.34,609.09,July,27
2024-07-03,CAMP_014,Instagram Ads,6521,142,3,208.41,699.99,July,27
2024-07-04,CAMP_014,Instagram Ads,5888,128,2,188.17,632.02,July,27
2024-07-05,CAMP_014,Instagram Ads,4283,93,2,136.88,459.76,July,27
2024-07-06,CAMP_014,Instagram Ads,3713,81,1,118.68,398.61,July,27
2024-07-07,CAMP_014,Instagram Ads,4430,96,2,141.57,475.51,July,27
2024-07-08,CAMP_014,Instagram Ads,5461,119,2,174.55,586.26,July,28
2024-07-09,CAMP_014,Instagram Ads,3776,82,1,120.68,405.35,July,28
2024-07-10,CAMP_014,Instagram Ads,5155,112,2,164.77,553.41,July,28
2024-07-11,CAMP_014,Instagram Ads,5467,119,2,174.72,586.85,July,28
2024-07-12,CAMP_014,Instagram Ads,4653,101,2,148.7,499.46,July,28
2024-07-21,CAMP_015,Instagram Ads,1845,36,0,44.7,151.34,July,29
2024-07-22,CAMP_015,Instagram Ads,1212,24,0,29.38,99.45,July,30
2024-07-23,CAMP_015,Instagram Ads,1182,23,0,28.65,96.99,July,30
2024-07-24,CAMP_015,Instagram Ads,1804,35,0,43.72,148.0,July,30
2024-07-25,CAMP_015,Instagram Ads,1583,31,0,38.35,129.83,July,30
2024-07-26,CAMP_015,Instagram Ads,1766,35,0,42.8,144.9,July,30
2024-07-27,CAMP_015,Instagram Ads,1525,30,0,36.95,125.09,July,30
2024-07-28,CAMP_015,Instagram Ads,1345,26,0,32.6,110.37,July,30
2024-07-29,CAMP_015,Instagram Ads,1891,37,0,45.82,155.1,July,31
2024-07-30,CAMP_015,Instagram Ads,1872,37,0,45.36,153.57,July,31
2024-07-31,CAMP_015,Instagram Ads,1772,35,0,42.95,145.39,July,31
2024-08-01,CAMP_015,Instagram Ads,1370,27,0,33.2,112.38,August,31
2024-08-02,CAMP_015,Instagram Ads,1673,33,0,40.54,137.23,August,31
2024-08-03,CAMP_015,Instagram Ads,1454,28,0,35.25,119.32,August,31
2024-08-04,CAMP_015,Instagram Ads,1198,23,0,29.03,98.28,August,31
2024-08-05,CAMP_015,Instagram Ads,1984,39,0,48.08,162.78,August,32
2024-08-06,CAMP_015,Instagram Ads,1241,24,0,30.07,101.81,August,32
2024-08-07,CAMP_015,Instagram Ads,2016,40,0,48.84,165.35,August,32
2024-08-08,CAMP_015,Instagram Ads,1535,30,0,37.21,125.96,August,32
2024-08-09,CAMP_015,Instagram Ads,1287,25,0,31.19,105.59,August,32
2024-08-10,CAMP_015,Instagram Ads,1627,32,0,39.42,133.45,August,32
2024-08-11,CAMP_015,Instagram Ads,1942,38,0,47.06,159.31,August,32
2024-08-12,CAMP_015,Instagram Ads,1808,36,0,43.81,148.32,August,33
2024-08-13,CAMP_015,Instagram Ads,1879,37,0,45.53,154.12,August,33
2024-08-14,CAMP_015,Instagram Ads,1738,34,0,42.12,142.58,August,33
2024-08-15,CAMP_015,Instagram Ads,1770,35,0,42.89,145.2,August,33
2024-08-16,CAMP_015,Instagram Ads,1919,38,0,46.51,157.45,August,33
2024-08-17,CAMP_015,Instagram Ads,1348,26,0,32.68,110.63,August,33
2024-08-18,CAMP_015,Instagram Ads,1577,31,0,38.21,129.35,August,33
2024-08-19,CAMP_015,Instagram Ads,1321,26,0,32.02,108.4,August,34
2024-08-20,CAMP_015,Instagram Ads,2051,40,0,49.71,168.27,August,34
2024-08-21,CAMP_015,Instagram Ads,2010,40,0,48.7,164.86,August,34
2024-08-22,CAMP_015,Instagram Ads,1148,22,0,27.83,94.21,August,34
2024-08-23,CAMP_015,Instagram Ads,1783,35,0,43.2,146.24,August,34
2024-08-24,CAMP_015,Instagram Ads,1992,39,0,48.27,163.4,August,34
2024-08-25,CAMP_015,Instagram Ads,1283,25,0,31.08,105.23,August,34
2024-08-26,CAMP_015,Instagram Ads,1652,32,0,40.02,135.49,August,35
2024-08-27,CAMP_015,Instagram Ads,1983,39,0,48.04,162.63,August,35
2024-08-28,CAMP_015,Instagram Ads,1143,22,0,27.7,93.78,August,35
2024-08-29,CAMP_015,Instagram Ads,1775,35,0,43.01,145.6,August,35
2024-08-30,CAMP_015,Instagram Ads,1394,27,0,33.78,114.35,August,35
2024-08-31,CAMP_015,Instagram Ads,1991,39,0,48.25,163.33,August,35
2024-09-01,CAMP_015,Instagram Ads,2036,40,0,49.32,166.97,September,35
2024-09-02,CAMP_015,Instagram Ads,2010,40,0,48.7,164.88,September,36
2024-09-03,CAMP_015,Instagram Ads,1562,31,0,37.86,128.17,September,36
2024-09-04,CAMP_015,Instagram Ads,1932,38,0,46.81,158.46,September,36
2024-09-05,CAMP_015,Instagram Ads,1915,38,0,46.4,157.09,September,36
2024-09-06,CAMP_015,Instagram Ads,1415,28,0,34.28,116.05,September,36
2024-09-07,CAMP_015,Instagram Ads,1900,37,0,46.04,155.87,September,36
2024-09-08,CAMP_015,Instagram Ads,1146,22,0,27.77,94.02,September,36
2024-09-09,CAMP_015,Instagram Ads,1679,33,0,40.68,137.7,September,37
2024-09-10,CAMP_015,Instagram Ads,1330,26,0,32.22,109.09,September,37
2024-09-11,CAMP_015,Instagram Ads,1226,24,0,29.7,100.54,September,37
2024-09-12,CAMP_015,Instagram Ads,1184,23,0,28.69,97.14,September,37
2024-09-13,CAMP_015,Instagram Ads,1774,35,0,42.98,145.51,September,37
2024-09-14,CAMP_015,Instagram Ads,1434,28,0,34.76,117.67,September,37
2024-09-15,CAMP_015,Instagram Ads,1801,35,0,43.64,147.74,September,37
2024-09-16,CAMP_015,Instagram Ads,1173,23,0,28.43,96.23,September,38
2024-09-17,CAMP_015,Instagram Ads,1411,28,0,34.19,115.75,September,38
2024-09-18,CAMP_015,Instagram Ads,1625,32,0,39.37,133.26,September,38
2024-09-19,CAMP_015,Instagram Ads,1864,37,0,45.16,152.89,September,38
2024-09-20,CAMP_015,Instagram Ads,1414,28,0,34.27,116.02,September,38
2024-09-21,CAMP_015,Instagram Ads,1707,34,0,41.36,140.01,September,38
2024-09-22,CAMP_015,Instagram Ads,1955,38,0,47.36,160.33,September,38
2024-09-23,CAMP_015,Instagram Ads,1697,33,0,41.13,139.23,September,39
2024-09-24,CAMP_015,Instagram Ads,1333,26,0,32.29,109.32,September,39
2024-09-25,CAMP_015,Instagram Ads,1134,22,0,27.48,93.03,September,39
2024-09-26,CAMP_015,Instagram Ads,1939,38,0,46.99,159.09,September,39
2024-09-27,CAMP_015,Instagram Ads,1131,22,0,27.41,92.79,September,39
2024-09-28,CAMP_015,Instagram Ads,1944,38,0,47.1,159.45,September,39
2024-09-29,CAMP_015,Instagram Ads,1614,32,0,39.12,132.44,September,39
2024-09-30,CAMP_015,Instagram Ads,2005,39,0,48.58,164.47,September,40
2024-10-02,CAMP_016,Facebook Ads,9688,195,3,148.3,335.55,October,40
2024-10-03,CAMP_016,Facebook Ads,10670,215,3,163.33,369.55,October,40
2024-10-04,CAMP_016,Facebook Ads,7480,151,2,114.49,259.05,October,40
2024-10-05,CAMP_016,Facebook Ads,9533,192,3,145.92,330.16,October,40
2024-10-06,CAMP_016,Facebook Ads,7732,156,2,118.36,267.8,October,40
2024-10-07,CAMP_016,Facebook Ads,8116,164,3,124.24,281.11,October,41
2024-10-08,CAMP_016,Facebook Ads,8844,178,3,135.38,306.31,October,41
2024-10-09,CAMP_016,Facebook Ads,10058,203,3,153.95,348.34,October,41
2024-10-10,CAMP_016,Facebook Ads,10602,214,3,162.28,367.19,October,41
2024-10-11,CAMP_016,Facebook Ads,9538,192,3,146.0,330.34,October,41
2024-10-12,CAMP_016,Facebook Ads,7810,157,2,119.55,270.5,October,41
2024-10-13,CAMP_016,Facebook Ads,7828,158,2,119.82,271.12,October,41
2024-10-14,CAMP_016,Facebook Ads,9387,189,3,143.68,325.1,October,42
2024-10-15,CAMP_016,Facebook Ads,6928,140,2,106.05,239.94,October,42
2024-10-16,CAMP_016,Facebook Ads,6295,127,2,96.36,218.04,October,42
2024-10-17,CAMP_016,Facebook Ads,7499,151,2,114.79,259.72,October,42
2024-10-18,CAMP_016,Facebook Ads,7167,144,2,109.7,248.22,October,42
2024-10-19,CAMP_016,Facebook Ads,7211,145,2,110.39,249.77,October,42
2024-10-20,CAMP_016,Facebook Ads,6902,139,2,105.66,239.06,October,42
2024-10-21,CAMP_016,Facebook Ads,5958,120,2,91.2,206.37,October,43
2024-10-22,CAMP_016,Facebook Ads,5839,117,2,89.38,202.23,October,43
2024-10-23,CAMP_016,Facebook Ads,10620,214,3,162.56,367.81,October,43
2024-10-24,CAMP_016,Facebook Ads,7860,158,2,120.31,272.21,October,43
2024-10-25,CAMP_016,Facebook Ads,7645,154,2,117.03,264.79,October,43
2024-10-26,CAMP_016,Facebook Ads,9101,183,3,139.31,315.21,October,43
2024-10-27,CAMP_016,Facebook Ads,6827,137,2,104.5,236.44,October,43
2024-10-28,CAMP_016,Facebook Ads,10434,210,3,159.71,361.36,October,44
2024-10-29,CAMP_016,Facebook Ads,9627,194,3,147.36,333.43,October,44
2024-10-30,CAMP_016,Facebook Ads,6192,125,2,94.78,214.44,October,44
2024-10-31,CAMP_016,Facebook Ads,7809,157,2,119.54,270.47,October,44
2024-11-01,CAMP_016,Facebook Ads,10085,203,3,154.36,349.27,November,44
2024-11-02,CAMP_016,Facebook Ads,10408,210,3,159.31,360.47,November,44
2024-11-03,CAMP_016,Facebook Ads,8055,162,3,123.3,278.98,November,44
2024-11-04,CAMP_016,Facebook Ads,8775,177,3,134.31,303.9,November,45
2024-11-05,CAMP_016,Facebook Ads,6574,132,2,100.63,227.7,November,45
2024-11-06,CAMP_016,Facebook Ads,10637,214,3,162.82,368.4,November,45
2024-11-07,CAMP_016,Facebook Ads,6893,139,2,105.51,238.73,November,45
2024-11-08,CAMP_016,Facebook Ads,10398,210,3,159.16,360.13,November,45
2024-11-09,CAMP_016,Facebook Ads,8953,180,3,137.05,310.09,November,45
2024-11-10,CAMP_016,Facebook Ads,8747,176,3,133.88,302.93,November,45
2024-11-11,CAMP_016,Facebook Ads,8278,167,3,126.71,286.71,November,46
2024-11-12,CAMP_016,Facebook Ads,6888,139,2,105.43,238.56,November,46
2024-11-13,CAMP_016,Facebook Ads,6621,133,2,101.35,229.32,November,46
2024-11-14,CAMP_016,Facebook Ads,6838,138,2,104.67,236.82,November,46
2024-11-15,CAMP_016,Facebook Ads,6670,134,2,102.1,231.01,November,46
2024-11-16,CAMP_016,Facebook Ads,9594,193,3,146.85,332.27,November,46
2024-11-17,CAMP_016,Facebook Ads,7477,151,2,114.45,258.95,November,46
2024-04-22,CAMP_017,Email,6619,1406,105,68.3,683.38,April,17
2024-04-23,CAMP_017,Email,11544,2453,184,119.13,1191.95,April,17
2024-04-24,CAMP_017,Email,11083,2355,177,114.37,1144.33,April,17
2024-04-25,CAMP_017,Email,11321,2405,181,116.83,1168.87,April,17
2024-04-26,CAMP_017,Email,11684,2482,187,120.57,1206.35,April,17
2024-04-27,CAMP_017,Email,7246,1539,116,74.78,748.15,April,17
2024-04-28,CAMP_017,Email,8448,1795,135,87.18,872.24,April,17
2024-04-29,CAMP_017,Email,10405,2211,166,107.37,1074.27,April,18
2024-04-30,CAMP_017,Email,10068,2139,161,103.9,1039.54,April,18
2024-05-01,CAMP_017,Email,7138,1516,114,73.66,736.99,May,18
2024-05-02,CAMP_017,Email,10716,2277,171,110.58,1106.41,May,18
2024-05-03,CAMP_017,Email,7519,1597,120,77.59,776.36,May,18
2024-05-04,CAMP_017,Email,7516,1597,120,77.56,776.01,May,18
2024-05-05,CAMP_017,Email,9209,1956,147,95.03,950.78,May,18
2024-05-06,CAMP_017,Email,9511,2021,152,98.15,982.02,May,19
2024-05-07,CAMP_017,Email,9442,2006,151,97.43,974.84,May,19
2024-05-08,CAMP_017,Email,6800,1445,108,70.18,702.16,May,19
2024-05-09,CAMP_017,Email,11049,2348,176,114.02,1140.8,May,19
2024-05-10,CAMP_017,Email,7742,1645,123,79.89,799.33,May,19
2024-05-11,CAMP_017,Email,7006,1488,112,72.3,723.38,May,19
2024-05-12,CAMP_017,Email,11110,2360,177,114.65,1147.1,May,19
2024-05-13,CAMP_017,Email,11472,2437,183,118.38,1184.44,May,20
2024-05-14,CAMP_017,Email,10966,2330,175,113.16,1132.25,May,20
2024-05-15,CAMP_017,Email,10682,2269,171,110.23,1102.88,May,20
2024-05-16,CAMP_017,Email,9848,2092,157,101.62,1016.79,May,20
2024-05-17,CAMP_017,Email,9284,1972,148,95.8,958.53,May,20
2024-05-18,CAMP_017,Email,6776,1440,108,69.93,699.65,May,20
2024-05-19,CAMP_017,Email,8514,1809,136,87.86,879.06,May,20
2024-05-20,CAMP_017,Email,8321,1768,133,85.86,859.1,May,21
2024-05-21,CAMP_017,Email,7710,1638,123,79.56,796.07,May,21
2024-05-22,CAMP_017,Email,10216,2171,163,105.43,1054.84,May,21
2024-03-19,CAMP_018,Google Ads,11924,601,17,1190.94,6467.32,March,12
2024-03-20,CAMP_018,Google Ads,8949,451,12,893.78,4853.62,March,12
2024-03-21,CAMP_018,Google Ads,9947,501,14,993.45,5394.87,March,12
2024-03-22,CAMP_018,Google Ads,13268,669,19,1325.17,7196.24,March,12
2024-03-23,CAMP_018,Google Ads,8913,449,12,890.26,4834.5,March,12
2024-03-24,CAMP_018,Google Ads,14472,729,20,1445.48,7849.56,March,12
2024-03-25,CAMP_018,Google Ads,11919,601,17,1190.42,6464.48,March,13
2024-03-26,CAMP_018,Google Ads,11814,595,17,1179.99,6407.84,March,13
2024-03-27,CAMP_018,Google Ads,12616,636,18,1260.09,6842.83,March,13
2024-03-28,CAMP_018,Google Ads,14282,720,20,1426.48,7746.38,March,13
2024-03-29,CAMP_018,Google Ads,10862,547,15,1084.87,5891.34,March,13
2024-03-30,CAMP_018,Google Ads,13230,667,19,1321.41,7175.85,March,13
2024-03-31,CAMP_018,Google Ads,12425,626,17,1240.98,6739.06,March,13
2024-04-01,CAMP_018,Google Ads,10283,518,14,1027.01,5577.1,April,14
2024-04-02,CAMP_018,Google Ads,14669,739,21,1465.12,7956.24,April,14
2024-04-03,CAMP_018,Google Ads,14087,710,20,1406.95,7640.35,April,14
2024-04-04,CAMP_018,Google Ads,13090,660,18,1307.4,7099.74,April,14
2024-04-05,CAMP_018,Google Ads,14468,729,20,1445.03,7847.13,April,14
2024-04-06,CAMP_018,Google Ads,14588,735,20,1457.0,7912.14,April,14
2024-04-07,CAMP_018,Google Ads,13448,678,19,1343.15,7293.9,April,14
2024-04-08,CAMP_018,Google Ads,14371,724,20,1435.31,7794.35,April,15
2024-04-09,CAMP_018,Google Ads,13370,674,19,1335.35,7251.53,April,15
2024-04-10,CAMP_018,Google Ads,13246,667,19,1322.94,7184.11,April,15
2024-04-11,CAMP_018,Google Ads,12804,645,18,1278.86,6944.76,April,15
2024-04-12,CAMP_018,Google Ads,13766,694,19,1374.92,7466.43,April,15
2024-04-13,CAMP_018,Google Ads,9505,479,13,949.34,5155.33,April,15
2024-04-14,CAMP_018,Google Ads,14685,740,21,1466.73,7964.95,April,15
2024-04-15,CAMP_018,Google Ads,14620,737,21,1460.26,7929.84,April,16
2024-04-16,CAMP_018,Google Ads,8577,432,12,856.68,4652.13,April,16
2024-04-17,CAMP_018,Google Ads,14290,720,20,1427.29,7750.79,April,16
2024-04-18,CAMP_018,Google Ads,9292,468,13,928.04,5039.66,April,16
2024-04-19,CAMP_018,Google Ads,10771,543,15,1075.78,5841.97,April,16
2024-04-20,CAMP_018,Google Ads,13700,690,19,1368.33,7430.61,April,16
2024-04-21,CAMP_018,Google Ads,9520,480,13,950.88,5163.71,April,16
2024-07-14,CAMP_019,Email,6592,1177,92,0.12,1.15,July,28
2024-07-15,CAMP_019,Email,6639,1185,93,0.12,1.15,July,29
2024-07-16,CAMP_019,Email,5560,992,77,0.1,0.97,July,29
2024-07-17,CAMP_019,Email,3896,695,54,0.07,0.68,July,29
2024-07-18,CAMP_019,Email,4828,862,67,0.09,0.84,July,29
2024-07-19,CAMP_019,Email,5924,1057,83,0.11,1.03,July,29
2024-07-20,CAMP_019,Email,7134,1273,99,0.13,1.24,July,29
2024-07-21,CAMP_019,Email,5973,1066,83,0.11,1.04,July,29
2024-07-22,CAMP_019,Email,4738,846,66,0.08,0.82,July,30
2024-07-23,CAMP_019,Email,5981,1068,83,0.11,1.04,July,30
2024-07-24,CAMP_019,Email,5668,1012,79,0.1,0.99,July,30
2024-07-25,CAMP_019,Email,6465,1154,90,0.12,1.12,July,30
2024-07-26,CAMP_019,Email,4230,755,59,0.08,0.74,July,30
2024-07-27,CAMP_019,Email,6403,1143,89,0.11,1.11,July,30
2024-07-28,CAMP_019,Email,5673,1013,79,0.1,0.99,July,30
2024-07-29,CAMP_019,Email,7074,1263,99,0.13,1.23,July,31
2024-07-30,CAMP_019,Email,5010,894,70,0.09,0.87,July,31
2024-07-31,CAMP_019,Email,5976,1067,83,0.11,1.04,July,31
2024-08-01,CAMP_019,Email,6971,1244,97,0.12,1.21,August,31
2024-08-02,CAMP_019,Email,4215,752,59,0.08,0.73,August,31
2024-08-03,CAMP_019,Email,6988,1247,97,0.12,1.21,August,31
2024-08-04,CAMP_019,Email,6160,1100,86,0.11,1.07,August,31
2024-08-05,CAMP_019,Email,4100,732,57,0.07,0.71,August,32
2024-08-06,CAMP_019,Email,4875,870,68,0.09,0.85,August,32
2024-08-07,CAMP_019,Email,6227,1112,87,0.11,1.08,August,32
2024-08-08,CAMP_019,Email,4099,731,57,0.07,0.71,August,32
2024-08-09,CAMP_019,Email,5809,1037,81,0.1,1.01,August,32
2024-08-10,CAMP_019,Email,5024,897,70,0.09,0.87,August,32
2024-08-11,CAMP_019,Email,5937,1060,83,0.11,1.03,August,32
2024-08-12,CAMP_019,Email,4027,719,56,0.07,0.7,August,33
2024-08-13,CAMP_019,Email,6770,1208,94,0.12,1.18,August,33
2024-08-14,CAMP_019,Email,7108,1269,99,0.13,1.24,August,33
2024-08-15,CAMP_019,Email,7093,1266,99,0.13,1.23,August,33
2024-08-16,CAMP_019,Email,6365,1136,89,0.11,1.11,August,33
2024-08-17,CAMP_019,Email,4307,769,60,0.08,0.75,August,33
2024-08-18,CAMP_019,Email,6394,1141,89,0.11,1.11,August,33
2024-08-19,CAMP_019,Email,3956,706,55,0.07,0.69,August,34
2024-08-20,CAMP_019,Email,3948,705,55,0.07,0.69,August,34
2024-08-21,CAMP_019,Email,4950,883,69,0.09,0.86,August,34
2024-08-22,CAMP_019,Email,5498,981,77,0.1,0.96,August,34
2024-08-23,CAMP_019,Email,6434,1148,90,0.11,1.12,August,34
2024-08-24,CAMP_019,Email,6145,1097,86,0.11,1.07,August,34
2024-08-25,CAMP_019,Email,5356,956,75,0.1,0.93,August,34
2024-08-26,CAMP_019,Email,4784,854,67,0.09,0.83,August,35
2024-08-27,CAMP_019,Email,7187,1283,100,0.13,1.25,August,35
2024-08-28,CAMP_019,Email,5290,944,74,0.09,0.92,August,35
2024-08-29,CAMP_019,Email,5374,959,75,0.1,0.93,August,35
2024-08-30,CAMP_019,Email,4418,789,61,0.08,0.77,August,35
2024-08-31,CAMP_019,Email,6515,1163,91,0.12,1.13,August,35
2024-09-01,CAMP_019,Email,6179,1103,86,0.11,1.07,September,35
2024-09-02,CAMP_019,Email,4608,822,64,0.08,0.8,September,36
2024-09-03,CAMP_019,Email,4148,740,58,0.07,0.72,September,36
2024-09-04,CAMP_019,Email,6135,1095,85,0.11,1.07,September,36
2024-09-05,CAMP_019,Email,6049,1080,84,0.11,1.05,September,36
2024-09-06,CAMP_019,Email,4782,854,67,0.09,0.83,September,36
2024-09-07,CAMP_019,Email,7033,1255,98,0.13,1.22,September,36
2024-09-08,CAMP_019,Email,4377,781,61,0.08,0.76,September,36
2024-09-09,CAMP_019,Email,5311,948,74,0.09,0.92,September,37
2024-09-10,CAMP_019,Email,7009,1251,98,0.13,1.22,September,37
2024-09-11,CAMP_019,Email,5269,940,73,0.09,0.92,September,37
2024-09-12,CAMP_019,Email,5996,1070,84,0.11,1.04,September,37
2024-09-13,CAMP_019,Email,5195,927,72,0.09,0.9,September,37
2024-09-14,CAMP_019,Email,4786,854,67,0.09,0.83,September,37
2024-09-15,CAMP_019,Email,7143,1275,100,0.13,1.24,September,37
2024-09-16,CAMP_019,Email,5234,934,73,0.09,0.91,September,38
2024-09-17,CAMP_019,Email,6845,1222,95,0.12,1.19,September,38
2024-09-18,CAMP_019,Email,4639,828,64,0.08,0.81,September,38
2024-09-19,CAMP_019,Email,4583,818,64,0.08,0.8,September,38
2024-09-20,CAMP_019,Email,3978,710,55,0.07,0.69,September,38
2024-09-21,CAMP_019,Email,6039,1078,84,0.11,1.05,September,38
2024-09-22,CAMP_019,Email,5099,910,71,0.09,0.89,September,38
2024-09-23,CAMP_019,Email,6746,1204,94,0.12,1.17,September,39
2024-09-24,CAMP_019,Email,5447,972,76,0.1,0.95,September,39
2024-09-25,CAMP_019,Email,7091,1266,99,0.13,1.23,September,39
2024-09-26,CAMP_019,Email,4491,802,62,0.08,0.78,September,39
2024-09-27,CAMP_019,Email,6760,1207,94,0.12,1.18,September,39
2024-09-28,CAMP_019,Email,6454,1152,90,0.12,1.12,September,39
2024-09-29,CAMP_019,Email,6436,1149,90,0.11,1.12,September,39
2024-09-30,CAMP_019,Email,6681,1193,93,0.12,1.16,September,40
2024-10-01,CAMP_019,Email,6403,1143,89,0.11,1.11,October,40
2024-10-02,CAMP_019,Email,5955,1063,83,0.11,1.04,October,40
2024-10-03,CAMP_019,Email,4311,769,60,0.08,0.75,October,40
2024-10-04,CAMP_019,Email,3983,711,55,0.07,0.69,October,40
2024-10-05,CAMP_019,Email,6934,1238,97,0.12,1.21,October,40
2024-10-06,CAMP_019,Email,5923,1057,82,0.11,1.03,October,40
2024-10-07,CAMP_019,Email,6521,1164,91,0.12,1.13,October,41
2024-10-08,CAMP_019,Email,5474,977,76,0.1,0.95,October,41
2024-10-09,CAMP_019,Email,4264,761,59,0.08,0.74,October,41
2024-10-10,CAMP_019,Email,4291,766,60,0.08,0.75,October,41
2024-10-11,CAMP_019,Email,6152,1098,86,0.11,1.07,October,41
2024-01-06,CAMP_020,SEO Organic,12208,753,19,0.08,0.27,January,1
2024-01-07,CAMP_020,SEO Organic,10452,645,16,0.06,0.23,January,1
2024-01-08,CAMP_020,SEO Organic,12677,782,19,0.08,0.28,January,2
2024-01-09,CAMP_020,SEO Organic,9410,580,14,0.06,0.21,January,2
2024-01-10,CAMP_020,SEO Organic,13368,825,20,0.08,0.3,January,2
2024-01-11,CAMP_020,SEO Organic,10975,677,17,0.07,0.24,January,2
2024-01-12,CAMP_020,SEO Organic,15016,927,23,0.09,0.33,January,2
2024-01-13,CAMP_020,SEO Organic,11291,697,17,0.07,0.25,January,2
2024-01-14,CAMP_020,SEO Organic,12399,765,19,0.08,0.28,January,2
2024-01-15,CAMP_020,SEO Organic,9008,556,14,0.06,0.2,January,3
2024-01-16,CAMP_020,SEO Organic,9473,584,14,0.06,0.21,January,3
2024-01-17,CAMP_020,SEO Organic,11919,735,18,0.07,0.27,January,3
2024-01-18,CAMP_020,SEO Organic,12588,777,19,0.08,0.28,January,3
2024-01-19,CAMP_020,SEO Organic,13506,833,21,0.08,0.3,January,3
2024-01-20,CAMP_020,SEO Organic,11148,688,17,0.07,0.25,January,3
2024-01-21,CAMP_020,SEO Organic,14232,878,22,0.09,0.32,January,3
2024-01-22,CAMP_020,SEO Organic,15494,956,24,0.1,0.35,January,4
2024-01-23,CAMP_020,SEO Organic,14881,918,23,0.09,0.33,January,4
2024-01-24,CAMP_020,SEO Organic,9222,569,14,0.06,0.21,January,4
2024-01-25,CAMP_020,SEO Organic,12592,777,19,0.08,0.28,January,4
2024-01-26,CAMP_020,SEO Organic,9721,600,15,0.06,0.22,January,4
2024-01-27,CAMP_020,SEO Organic,10769,664,16,0.07,0.24,January,4
2024-01-28,CAMP_020,SEO Organic,16462,1016,25,0.1,0.37,January,4
2024-01-29,CAMP_020,SEO Organic,10008,617,15,0.06,0.22,January,5
2024-01-30,CAMP_020,SEO Organic,12733,786,19,0.08,0.28,January,5
2024-01-31,CAMP_020,SEO Organic,13645,842,21,0.08,0.3,January,5
2024-02-01,CAMP_020,SEO Organic,14289,882,22,0.09,0.32,February,5
2024-02-02,CAMP_020,SEO Organic,13197,814,20,0.08,0.29,February,5
2024-06-23,CAMP_021,SEO Organic,4589,255,7,0.03,0.14,June,25
2024-06-24,CAMP_021,SEO Organic,5825,323,10,0.03,0.17,June,26
2024-06-25,CAMP_021,SEO Organic,6571,365,11,0.04,0.2,June,26
2024-06-26,CAMP_021,SEO Organic,4894,272,8,0.03,0.15,June,26
2024-06-27,CAMP_021,SEO Organic,5919,329,10,0.03,0.18,June,26
2024-06-28,CAMP_021,SEO Organic,4681,260,8,0.03,0.14,June,26
2024-06-29,CAMP_021,SEO Organic,4858,270,8,0.03,0.14,June,26
2024-06-30,CAMP_021,SEO Organic,6100,339,10,0.03,0.18,June,26
2024-07-01,CAMP_021,SEO Organic,5069,281,8,0.03,0.15,July,27
2024-07-02,CAMP_021,SEO Organic,6766,376,11,0.04,0.2,July,27
2024-07-03,CAMP_021,SEO Organic,7241,402,12,0.04,0.22,July,27
2024-07-04,CAMP_021,SEO Organic,7675,426,13,0.04,0.23,July,27
2024-07-05,CAMP_021,SEO Organic,5332,296,9,0.03,0.16,July,27
2024-07-06,CAMP_021,SEO Organic,5205,289,9,0.03,0.16,July,27
2024-07-07,CAMP_021,SEO Organic,4959,275,8,0.03,0.15,July,27
2024-07-08,CAMP_021,SEO Organic,7034,391,12,0.04,0.21,July,28
2024-07-09,CAMP_021,SEO Organic,7308,406,12,0.04,0.22,July,28
2024-07-10,CAMP_021,SEO Organic,4675,259,8,0.03,0.14,July,28
2024-07-11,CAMP_021,SEO Organic,8204,456,14,0.05,0.24,July,28
2024-07-12,CAMP_021,SEO Organic,4754,264,8,0.03,0.14,July,28
2024-07-13,CAMP_021,SEO Organic,6663,370,11,0.04,0.2,July,28
2024-07-14,CAMP_021,SEO Organic,7318,406,12,0.04,0.22,July,28
2024-07-15,CAMP_021,SEO Organic,7950,442,13,0.04,0.24,July,29
2024-07-16,CAMP_021,SEO Organic,7337,408,12,0.04,0.22,July,29
2024-07-17,CAMP_021,SEO Organic,7679,427,13,0.04,0.23,July,29
2024-07-18,CAMP_021,SEO Organic,5876,326,10,0.03,0.18,July,29
2024-07-19,CAMP_021,SEO Organic,7731,429,13,0.04,0.23,July,29
2024-07-20,CAMP_021,SEO Organic,4864,270,8,0.03,0.15,July,29
2024-05-14,CAMP_022,Facebook Ads,6230,105,1,165.03,549.58,May,20
2024-05-15,CAMP_022,Facebook Ads,5180,87,1,137.23,457.01,May,20
2024-05-16,CAMP_022,Facebook Ads,5995,101,1,158.83,528.91,May,20
2024-05-17,CAMP_022,Facebook Ads,4892,82,1,129.61,431.61,May,20
2024-05-18,CAMP_022,Facebook Ads,5470,92,1,144.92,482.6,May,20
2024-05-19,CAMP_022,Facebook Ads,5116,86,1,135.54,451.36,May,20
2024-05-20,CAMP_022,Facebook Ads,5736,97,1,151.96,506.06,May,21
2024-05-21,CAMP_022,Facebook Ads,3772,63,1,99.93,332.79,May,21
2024-05-22,CAMP_022,Facebook Ads,3708,62,1,98.23,327.11,May,21
2024-05-23,CAMP_022,Facebook Ads,4272,72,1,113.18,376.9,May,21
2024-05-24,CAMP_022,Facebook Ads,4008,67,1,106.17,353.56,May,21
2024-05-25,CAMP_022,Facebook Ads,6160,104,1,163.19,543.44,May,21
2024-05-26,CAMP_022,Facebook Ads,4188,70,1,110.95,369.47,May,21
2024-05-27,CAMP_022,Facebook Ads,6475,109,1,171.52,571.18,May,22
2024-05-28,CAMP_022,Facebook Ads,4544,76,1,120.37,400.84,May,22
2024-05-29,CAMP_022,Facebook Ads,4076,68,1,107.98,359.58,May,22
2024-05-30,CAMP_022,Facebook Ads,5912,100,1,156.62,521.55,May,22
2024-05-31,CAMP_022,Facebook Ads,5516,93,1,146.13,486.63,May,22
2024-06-01,CAMP_022,Facebook Ads,5031,85,1,133.28,443.84,June,22
2024-06-02,CAMP_022,Facebook Ads,5204,88,1,137.86,459.08,June,22
2024-06-03,CAMP_022,Facebook Ads,5699,96,1,150.97,502.76,June,23
2024-06-04,CAMP_022,Facebook Ads,4216,71,1,111.69,371.93,June,23
2024-06-05,CAMP_022,Facebook Ads,6536,110,1,173.16,576.64,June,23
2024-06-06,CAMP_022,Facebook Ads,6471,109,1,171.43,570.9,June,23
2024-06-07,CAMP_022,Facebook Ads,5491,92,1,145.46,484.4,June,23
2024-06-08,CAMP_022,Facebook Ads,4128,69,1,109.37,364.22,June,23
2024-06-09,CAMP_022,Facebook Ads,5581,94,1,147.85,492.37,June,23
2024-06-10,CAMP_022,Facebook Ads,3744,63,1,99.18,330.27,June,24
2024-06-11,CAMP_022,Facebook Ads,3618,61,0,95.85,319.2,June,24
2024-06-12,CAMP_022,Facebook Ads,4304,72,1,114.03,379.72,June,24
2024-06-13,CAMP_022,Facebook Ads,4923,83,1,130.43,434.36,June,24
2024-06-14,CAMP_022,Facebook Ads,6149,104,1,162.91,542.5,June,24
2024-06-15,CAMP_022,Facebook Ads,5723,96,1,151.61,504.88,June,24
2024-06-16,CAMP_022,Facebook Ads,5770,97,1,152.85,509.03,June,24
2024-06-17,CAMP_022,Facebook Ads,4811,81,1,127.46,424.46,June,25
2024-06-18,CAMP_022,Facebook Ads,4571,77,1,121.09,403.25,June,25
2024-06-19,CAMP_022,Facebook Ads,4647,78,1,123.1,409.94,June,25
2024-06-20,CAMP_022,Facebook Ads,6510,110,1,172.46,574.33,June,25
2024-06-21,CAMP_022,Facebook Ads,3647,61,0,96.61,321.72,June,25
2024-06-22,CAMP_022,Facebook Ads,6146,103,1,162.81,542.17,June,25
2024-06-23,CAMP_022,Facebook Ads,5274,89,1,139.72,465.3,June,25
2024-06-24,CAMP_022,Facebook Ads,4851,82,1,128.51,427.96,June,26
2024-06-25,CAMP_022,Facebook Ads,5717,96,1,151.46,504.37,June,26
2024-06-26,CAMP_022,Facebook Ads,4996,84,1,132.36,440.77,June,26
2024-06-27,CAMP_022,Facebook Ads,6165,104,1,163.32,543.87,June,26
2024-06-28,CAMP_022,Facebook Ads,6247,105,1,165.5,551.15,June,26
2024-06-29,CAMP_022,Facebook Ads,4800,81,1,127.16,423.45,June,26
2024-06-30,CAMP_022,Facebook Ads,4362,73,1,115.56,384.83,June,26
2024-07-01,CAMP_022,Facebook Ads,5316,89,1,140.82,468.94,July,27
2024-07-02,CAMP_022,Facebook Ads,6283,106,1,166.44,554.25,July,27
2024-07-03,CAMP_022,Facebook Ads,4162,70,1,110.26,367.19,July,27
2024-07-04,CAMP_022,Facebook Ads,5408,91,1,143.27,477.1,July,27
2024-07-05,CAMP_022,Facebook Ads,5434,91,1,143.96,479.39,July,27
2024-07-06,CAMP_022,Facebook Ads,5741,97,1,152.09,506.47,July,27
2024-07-07,CAMP_022,Facebook Ads,3923,66,1,103.93,346.1,July,27
2024-07-08,CAMP_022,Facebook Ads,5689,96,1,150.7,501.86,July,28
2024-07-09,CAMP_022,Facebook Ads,6273,106,1,166.17,553.37,July,28
2024-07-10,CAMP_022,Facebook Ads,4068,68,1,107.78,358.93,July,28
2024-07-11,CAMP_022,Facebook Ads,4243,71,1,112.41,374.35,July,28
2024-07-12,CAMP_022,Facebook Ads,6461,109,1,171.16,569.99,July,28
2024-07-13,CAMP_022,Facebook Ads,4072,68,1,107.89,359.27,July,28
2024-07-14,CAMP_022,Facebook Ads,6107,103,1,161.8,538.8,July,28
2024-07-15,CAMP_022,Facebook Ads,5013,84,1,132.81,442.26,July,29
2024-07-16,CAMP_022,Facebook Ads,4273,72,1,113.19,376.94,July,29
2024-07-17,CAMP_022,Facebook Ads,6157,104,1,163.11,543.16,July,29
2024-07-18,CAMP_022,Facebook Ads,4871,82,1,129.05,429.74,July,29
2024-07-19,CAMP_022,Facebook Ads,5081,85,1,134.61,448.27,July,29
2024-07-20,CAMP_022,Facebook Ads,4611,77,1,122.16,406.79,July,29
2024-07-21,CAMP_022,Facebook Ads,5317,89,1,140.87,469.1,July,29
2024-07-22,CAMP_022,Facebook Ads,4020,67,1,106.49,354.62,July,30
2024-07-23,CAMP_022,Facebook Ads,4707,79,1,124.71,415.28,July,30
2024-07-24,CAMP_022,Facebook Ads,6455,109,1,171.0,569.46,July,30
2024-07-25,CAMP_022,Facebook Ads,4305,72,1,114.06,379.84,July,30
2024-07-26,CAMP_022,Facebook Ads,5510,93,1,145.97,486.11,July,30
2024-07-27,CAMP_022,Facebook Ads,4508,76,1,119.43,397.72,July,30
2024-07-28,CAMP_022,Facebook Ads,5863,99,1,155.32,517.23,July,30
2024-07-29,CAMP_022,Facebook Ads,3921,66,1,103.87,345.92,July,31
2024-07-30,CAMP_022,Facebook Ads,6456,109,1,171.04,569.57,July,31
2024-06-01,CAMP_023,SEO Organic,4039,199,6,0.02,0.14,June,22
2024-06-02,CAMP_023,SEO Organic,3496,172,5,0.02,0.12,June,22
2024-06-03,CAMP_023,SEO Organic,3091,152,4,0.02,0.11,June,23
2024-06-04,CAMP_023,SEO Organic,3331,164,5,0.02,0.12,June,23
2024-06-05,CAMP_023,SEO Organic,4203,207,6,0.02,0.15,June,23
2024-06-06,CAMP_023,SEO Organic,3748,185,6,0.02,0.13,June,23
2024-06-07,CAMP_023,SEO Organic,4974,245,8,0.02,0.18,June,23
2024-06-08,CAMP_023,SEO Organic,3982,196,6,0.02,0.14,June,23
2024-06-09,CAMP_023,SEO Organic,3527,174,5,0.02,0.12,June,23
2024-06-10,CAMP_023,SEO Organic,4446,219,7,0.02,0.16,June,24
2024-06-11,CAMP_023,SEO Organic,4669,230,7,0.02,0.17,June,24
2024-06-12,CAMP_023,SEO Organic,3324,164,5,0.02,0.12,June,24
2024-06-13,CAMP_023,SEO Organic,3325,164,5,0.02,0.12,June,24
2024-06-14,CAMP_023,SEO Organic,2999,148,4,0.01,0.11,June,24
2024-06-15,CAMP_023,SEO Organic,4743,234,7,0.02,0.17,June,24
2024-06-16,CAMP_023,SEO Organic,4562,225,7,0.02,0.16,June,24
2024-06-17,CAMP_023,SEO Organic,4091,202,6,0.02,0.14,June,25
2024-06-18,CAMP_023,SEO Organic,5012,247,8,0.02,0.18,June,25
2024-06-19,CAMP_023,SEO Organic,4916,242,7,0.02,0.17,June,25
2024-06-20,CAMP_023,SEO Organic,4367,215,7,0.02,0.15,June,25
2024-06-21,CAMP_023,SEO Organic,5072,250,8,0.03,0.18,June,25
2024-06-22,CAMP_023,SEO Organic,3421,169,5,0.02,0.12,June,25
2024-06-23,CAMP_023,SEO Organic,3186,157,5,0.02,0.11,June,25
2024-06-24,CAMP_023,SEO Organic,3580,176,5,0.02,0.13,June,26
2024-06-25,CAMP_023,SEO Organic,3050,150,4,0.02,0.11,June,26
2024-06-26,CAMP_023,SEO Organic,4232,209,6,0.02,0.15,June,26
2024-06-27,CAMP_023,SEO Organic,5242,258,8,0.03,0.19,June,26
2024-06-28,CAMP_023,SEO Organic,3006,148,4,0.01,0.11,June,26
2024-06-29,CAMP_023,SEO Organic,3212,158,5,0.02,0.11,June,26
2024-06-30,CAMP_023,SEO Organic,4035,199,6,0.02,0.14,June,26
2024-07-01,CAMP_023,SEO Organic,5235,258,8,0.03,0.19,July,27
2024-07-02,CAMP_023,SEO Organic,3696,182,5,0.02,0.13,July,27
2024-07-03,CAMP_023,SEO Organic,4172,206,6,0.02,0.15,July,27
2024-07-04,CAMP_023,SEO Organic,3011,148,4,0.01,0.11,July,27
2024-07-05,CAMP_023,SEO Organic,3277,161,5,0.02,0.12,July,27
2024-07-06,CAMP_023,SEO Organic,5367,265,8,0.03,0.19,July,27
2024-07-07,CAMP_023,SEO Organic,5313,262,8,0.03,0.19,July,27
2024-07-08,CAMP_023,SEO Organic,2920,144,4,0.01,0.1,July,28
2024-07-09,CAMP_023,SEO Organic,5280,260,8,0.03,0.19,July,28
2024-07-10,CAMP_023,SEO Organic,4501,222,7,0.02,0.16,July,28
2024-07-11,CAMP_023,SEO Organic,5071,250,8,0.03,0.18,July,28
2024-07-12,CAMP_023,SEO Organic,4041,199,6,0.02,0.14,July,28
2024-07-13,CAMP_023,SEO Organic,4193,207,6,0.02,0.15,July,28
2024-07-14,CAMP_023,SEO Organic,4126,203,6,0.02,0.15,July,28
2024-07-15,CAMP_023,SEO Organic,4570,225,7,0.02,0.16,July,29
2024-07-16,CAMP_023,SEO Organic,3256,160,5,0.02,0.12,July,29
2024-07-17,CAMP_023,SEO Organic,2982,147,4,0.01,0.11,July,29
2024-07-18,CAMP_023,SEO Organic,3675,181,5,0.02,0.13,July,29
2024-07-19,CAMP_023,SEO Organic,4664,230,7,0.02,0.16,July,29
2024-07-20,CAMP_023,SEO Organic,3411,168,5,0.02,0.12,July,29
2024-07-21,CAMP_023,SEO Organic,4586,226,7,0.02,0.16,July,29
2024-07-22,CAMP_023,SEO Organic,5325,263,8,0.03,0.19,July,30
2024-07-23,CAMP_023,SEO Organic,3142,155,5,0.02,0.11,July,30
2024-07-24,CAMP_023,SEO Organic,4584,226,7,0.02,0.16,July,30
2024-07-25,CAMP_023,SEO Organic,4014,198,6,0.02,0.14,July,30
2024-07-26,CAMP_023,SEO Organic,5071,250,8,0.03,0.18,July,30
2024-07-27,CAMP_023,SEO Organic,3349,165,5,0.02,0.12,July,30
2024-07-28,CAMP_023,SEO Organic,4634,228,7,0.02,0.16,July,30
2024-07-29,CAMP_023,SEO Organic,4997,246,8,0.02,0.18,July,31
2024-07-30,CAMP_023,SEO Organic,5262,259,8,0.03,0.19,July,31
2024-07-31,CAMP_023,SEO Organic,4611,227,7,0.02,0.16,July,31
2024-08-01,CAMP_023,SEO Organic,4147,204,6,0.02,0.15,August,31
2024-08-02,CAMP_023,SEO Organic,4448,219,7,0.02,0.16,August,31
2024-08-03,CAMP_023,SEO Organic,5073,250,8,0.03,0.18,August,31
2024-08-04,CAMP_023,SEO Organic,4330,213,6,0.02,0.15,August,31
2024-08-05,CAMP_023,SEO Organic,2983,147,4,0.01,0.11,August,32
2024-08-06,CAMP_023,SEO Organic,5228,258,8,0.03,0.18,August,32
2024-08-07,CAMP_023,SEO Organic,4626,228,7,0.02,0.16,August,32
2024-08-08,CAMP_023,SEO Organic,4594,226,7,0.02,0.16,August,32
2024-08-09,CAMP_023,SEO Organic,3445,170,5,0.02,0.12,August,32
2024-08-10,CAMP_023,SEO Organic,4550,224,7,0.02,0.16,August,32
2024-08-11,CAMP_023,SEO Organic,3889,192,6,0.02,0.14,August,32
2024-08-12,CAMP_023,SEO Organic,4531,223,7,0.02,0.16,August,33
2024-08-13,CAMP_023,SEO Organic,3173,156,5,0.02,0.11,August,33
2024-08-14,CAMP_023,SEO Organic,4547,224,7,0.02,0.16,August,33
2024-08-15,CAMP_023,SEO Organic,5399,266,8,0.03,0.19,August,33
2024-08-16,CAMP_023,SEO Organic,3028,149,4,0.01,0.11,August,33
2024-08-17,CAMP_023,SEO Organic,5343,263,8,0.03,0.19,August,33
2024-10-03,CAMP_024,Facebook Ads,5400,97,1,101.29,210.22,October,40
2024-10-04,CAMP_024,Facebook Ads,6992,125,2,131.14,272.19,October,40
2024-10-05,CAMP_024,Facebook Ads,6689,120,2,125.45,260.38,October,40
2024-10-06,CAMP_024,Facebook Ads,5950,106,1,111.59,231.61,October,40
2024-10-07,CAMP_024,Facebook Ads,6538,117,2,122.63,254.52,October,41
2024-10-08,CAMP_024,Facebook Ads,7019,126,2,131.64,273.23,October,41
2024-10-09,CAMP_024,Facebook Ads,5391,96,1,101.11,209.85,October,41
2024-10-10,CAMP_024,Facebook Ads,5126,92,1,96.14,199.55,October,41
2024-10-11,CAMP_024,Facebook Ads,6295,113,1,118.07,245.05,October,41
2024-10-12,CAMP_024,Facebook Ads,6776,121,2,127.09,263.79,October,41
2024-10-13,CAMP_024,Facebook Ads,6620,119,2,124.16,257.7,October,41
2024-10-14,CAMP_024,Facebook Ads,6742,121,2,126.45,262.45,October,42
2024-10-15,CAMP_024,Facebook Ads,5498,98,1,103.13,214.05,October,42
2024-10-16,CAMP_024,Facebook Ads,6810,122,2,127.74,265.12,October,42
2024-10-17,CAMP_024,Facebook Ads,4416,79,1,82.83,171.92,October,42
2024-10-18,CAMP_024,Facebook Ads,5872,105,1,110.14,228.6,October,42
2024-10-19,CAMP_024,Facebook Ads,4023,72,1,75.47,156.63,October,42
2024-10-20,CAMP_024,Facebook Ads,5118,92,1,95.99,199.22,October,42
2024-10-21,CAMP_024,Facebook Ads,5261,94,1,98.68,204.82,October,43
2024-10-22,CAMP_024,Facebook Ads,5363,96,1,100.59,208.79,October,43
2024-10-23,CAMP_024,Facebook Ads,6390,114,1,119.86,248.77,October,43
2024-10-24,CAMP_024,Facebook Ads,5337,95,1,100.1,207.77,October,43
2024-10-25,CAMP_024,Facebook Ads,5543,99,1,103.98,215.8,October,43
2024-10-26,CAMP_024,Facebook Ads,4819,86,1,90.38,187.6,October,43
2024-10-27,CAMP_024,Facebook Ads,5285,95,1,99.12,205.73,October,43
2024-10-28,CAMP_024,Facebook Ads,4784,86,1,89.72,186.22,October,44
2024-10-29,CAMP_024,Facebook Ads,4255,76,1,79.81,165.64,October,44
2024-10-30,CAMP_024,Facebook Ads,6075,109,1,113.94,236.48,October,44
2024-10-31,CAMP_024,Facebook Ads,6297,113,1,118.11,245.13,October,44
2024-11-01,CAMP_024,Facebook Ads,6130,110,1,114.97,238.62,November,44
2024-11-02,CAMP_024,Facebook Ads,5594,100,1,104.93,217.78,November,44
2024-11-03,CAMP_024,Facebook Ads,5307,95,1,99.54,206.6,November,44
2024-11-04,CAMP_024,Facebook Ads,6966,125,2,130.66,271.2,November,45
2024-11-05,CAMP_024,Facebook Ads,5785,104,1,108.51,225.21,November,45
2024-11-06,CAMP_024,Facebook Ads,5648,101,1,105.94,219.88,November,45
2024-11-07,CAMP_024,Facebook Ads,4092,73,1,76.74,159.29,November,45
2024-11-08,CAMP_024,Facebook Ads,5175,93,1,97.06,201.45,November,45
2024-11-09,CAMP_024,Facebook Ads,5308,95,1,99.57,206.65,November,45
2024-11-10,CAMP_024,Facebook Ads,5372,96,1,100.77,209.14,November,45
2024-11-11,CAMP_024,Facebook Ads,5995,107,1,112.44,233.37,November,46
2024-11-12,CAMP_024,Facebook Ads,5835,104,1,109.44,227.15,November,46
2024-11-13,CAMP_024,Facebook Ads,6090,109,1,114.22,237.07,November,46
2024-11-14,CAMP_024,Facebook Ads,6629,119,2,124.33,258.05,November,46
2024-11-15,CAMP_024,Facebook Ads,6794,122,2,127.42,264.47,November,46
2024-11-16,CAMP_024,Facebook Ads,6468,116,2,121.32,251.8,November,46
2024-11-17,CAMP_024,Facebook Ads,7283,130,2,136.6,283.52,November,46
2024-11-18,CAMP_024,Facebook Ads,4066,73,1,76.27,158.3,November,47
2024-11-19,CAMP_024,Facebook Ads,4675,84,1,87.7,182.02,November,47
2024-11-20,CAMP_024,Facebook Ads,4029,72,1,75.58,156.87,November,47
2024-11-21,CAMP_024,Facebook Ads,6226,111,1,116.77,242.36,November,47
2024-11-22,CAMP_024,Facebook Ads,7086,127,2,132.9,275.83,November,47
2024-11-23,CAMP_024,Facebook Ads,4839,87,1,90.77,188.39,November,47
2024-11-24,CAMP_024,Facebook Ads,7185,129,2,134.76,279.71,November,47
2024-11-25,CAMP_024,Facebook Ads,4210,75,1,78.97,163.91,November,48
2024-11-26,CAMP_024,Facebook Ads,7211,129,2,135.24,280.7,November,48
2024-11-27,CAMP_024,Facebook Ads,5210,93,1,97.73,202.84,November,48
2024-11-28,CAMP_024,Facebook Ads,4352,78,1,81.62,169.41,November,48
2024-11-29,CAMP_024,Facebook Ads,5671,101,1,106.37,220.77,November,48
2024-11-30,CAMP_024,Facebook Ads,4885,87,1,91.62,190.17,November,48
2024-12-01,CAMP_024,Facebook Ads,4981,89,1,93.43,193.92,December,48
2024-12-02,CAMP_024,Facebook Ads,5058,90,1,94.87,196.91,December,49
2024-12-03,CAMP_024,Facebook Ads,6760,121,2,126.78,263.14,December,49
2024-12-04,CAMP_024,Facebook Ads,5854,105,1,109.8,227.89,December,49
2024-12-05,CAMP_024,Facebook Ads,5072,91,1,95.13,197.45,December,49
2024-12-06,CAMP_024,Facebook Ads,6098,109,1,114.38,237.4,December,49
2024-12-07,CAMP_024,Facebook Ads,6461,116,2,121.19,251.54,December,49
2024-12-08,CAMP_024,Facebook Ads,4939,88,1,92.64,192.28,December,49
2024-12-09,CAMP_024,Facebook Ads,5423,97,1,101.71,211.11,December,50
2024-12-10,CAMP_024,Facebook Ads,4422,79,1,82.94,172.14,December,50
2024-12-11,CAMP_024,Facebook Ads,4625,83,1,86.75,180.06,December,50
2024-12-12,CAMP_024,Facebook Ads,6341,114,1,118.94,246.86,December,50
2024-12-13,CAMP_024,Facebook Ads,4626,83,1,86.77,180.1,December,50
2024-12-14,CAMP_024,Facebook Ads,5806,104,1,108.9,226.02,December,50
2024-12-15,CAMP_024,Facebook Ads,6437,115,2,120.73,250.59,December,50
2024-12-16,CAMP_024,Facebook Ads,4370,78,1,81.97,170.14,December,51
2024-12-17,CAMP_024,Facebook Ads,5951,106,1,111.61,231.65,December,51
2024-12-18,CAMP_024,Facebook Ads,4884,87,1,91.61,190.14,December,51
2024-12-19,CAMP_024,Facebook Ads,7308,131,2,137.07,284.5,December,51
2024-12-20,CAMP_024,Facebook Ads,5663,101,1,106.22,220.46,December,51
2024-12-21,CAMP_024,Facebook Ads,6770,121,2,126.97,263.54,December,51
2024-12-22,CAMP_024,Facebook Ads,5892,105,1,110.51,229.37,December,51
2024-02-27,CAMP_025,SEO Organic,5389,355,10,0.04,0.2,February,9
2024-02-28,CAMP_025,SEO Organic,8016,528,16,0.05,0.3,February,9
2024-02-29,CAMP_025,SEO Organic,9434,621,18,0.06,0.36,February,9
2024-03-01,CAMP_025,SEO Organic,7876,519,15,0.05,0.3,March,9
2024-03-02,CAMP_025,SEO Organic,8845,583,17,0.06,0.33,March,9
2024-03-03,CAMP_025,SEO Organic,9135,602,18,0.06,0.34,March,9
2024-03-04,CAMP_025,SEO Organic,6212,409,12,0.04,0.23,March,10
2024-03-05,CAMP_025,SEO Organic,6141,404,12,0.04,0.23,March,10
2024-03-06,CAMP_025,SEO Organic,7918,521,15,0.05,0.3,March,10
2024-03-07,CAMP_025,SEO Organic,7027,463,14,0.05,0.27,March,10
2024-03-08,CAMP_025,SEO Organic,8937,589,17,0.06,0.34,March,10
2024-03-09,CAMP_025,SEO Organic,9205,606,18,0.06,0.35,March,10
2024-03-10,CAMP_025,SEO Organic,6770,446,13,0.04,0.26,March,10
2024-03-11,CAMP_025,SEO Organic,6251,412,12,0.04,0.24,March,11
2024-03-12,CAMP_025,SEO Organic,8673,571,17,0.06,0.33,March,11
2024-03-13,CAMP_025,SEO Organic,6420,423,12,0.04,0.24,March,11
2024-03-14,CAMP_025,SEO Organic,8860,584,17,0.06,0.33,March,11
2024-03-15,CAMP_025,SEO Organic,7084,466,14,0.05,0.27,March,11
2024-03-16,CAMP_025,SEO Organic,8170,538,16,0.05,0.31,March,11
2024-03-17,CAMP_025,SEO Organic,5622,370,11,0.04,0.21,March,11
2024-03-18,CAMP_025,SEO Organic,7975,525,15,0.05,0.3,March,12
2024-03-19,CAMP_025,SEO Organic,7208,475,14,0.05,0.27,March,12
2024-03-20,CAMP_025,SEO Organic,7809,514,15,0.05,0.29,March,12
2024-03-21,CAMP_025,SEO Organic,5944,391,11,0.04,0.22,March,12
2024-03-22,CAMP_025,SEO Organic,8478,558,16,0.06,0.32,March,12
2024-03-23,CAMP_025,SEO Organic,9039,595,18,0.06,0.34,March,12
2024-03-24,CAMP_025,SEO Organic,6162,406,12,0.04,0.23,March,12
2024-03-25,CAMP_025,SEO Organic,5622,370,11,0.04,0.21,March,13
2024-03-26,CAMP_025,SEO Organic,5301,349,10,0.03,0.2,March,13
2024-03-27,CAMP_025,SEO Organic,8056,531,16,0.05,0.3,March,13
2024-03-28,CAMP_025,SEO Organic,7900,520,15,0.05,0.3,March,13
2024-03-29,CAMP_025,SEO Organic,7631,503,15,0.05,0.29,March,13
2024-03-30,CAMP_025,SEO Organic,6229,410,12,0.04,0.24,March,13
2024-03-31,CAMP_025,SEO Organic,6937,457,13,0.05,0.26,March,13
2024-04-01,CAMP_025,SEO Organic,7844,517,15,0.05,0.3,April,14
2024-04-02,CAMP_025,SEO Organic,7409,488,14,0.05,0.28,April,14
2024-04-03,CAMP_025,SEO Organic,9596,632,19,0.06,0.36,April,14
2024-04-04,CAMP_025,SEO Organic,5804,382,11,0.04,0.22,April,14
2024-04-05,CAMP_025,SEO Organic,8292,546,16,0.05,0.31,April,14
2024-04-06,CAMP_025,SEO Organic,6997,461,13,0.05,0.26,April,14
2024-04-07,CAMP_025,SEO Organic,7103,468,14,0.05,0.27,April,14
2024-04-08,CAMP_025,SEO Organic,8392,553,16,0.06,0.32,April,15
2024-04-09,CAMP_025,SEO Organic,8280,545,16,0.05,0.31,April,15
2024-04-10,CAMP_025,SEO Organic,9611,633,19,0.06,0.36,April,15
2024-04-11,CAMP_025,SEO Organic,5768,380,11,0.04,0.22,April,15
2024-04-12,CAMP_025,SEO Organic,5660,373,11,0.04,0.21,April,15
2024-04-13,CAMP_025,SEO Organic,8422,555,16,0.06,0.32,April,15
2024-04-14,CAMP_025,SEO Organic,7772,512,15,0.05,0.29,April,15
2024-04-15,CAMP_025,SEO Organic,6417,423,12,0.04,0.24,April,16
2024-04-16,CAMP_025,SEO Organic,5550,365,11,0.04,0.21,April,16
2024-04-17,CAMP_025,SEO Organic,5578,367,11,0.04,0.21,April,16
2024-04-18,CAMP_025,SEO Organic,9179,605,18,0.06,0.35,April,16
2024-04-19,CAMP_025,SEO Organic,6051,398,12,0.04,0.23,April,16
2024-04-20,CAMP_025,SEO Organic,6636,437,13,0.04,0.25,April,16
2024-04-21,CAMP_025,SEO Organic,6206,409,12,0.04,0.23,April,16
2024-04-22,CAMP_025,SEO Organic,6777,446,13,0.04,0.26,April,17
2024-04-23,CAMP_025,SEO Organic,5505,362,11,0.04,0.21,April,17
2024-04-24,CAMP_025,SEO Organic,7508,494,15,0.05,0.28,April,17
2024-04-25,CAMP_025,SEO Organic,5497,362,10,0.04,0.21,April,17
2024-04-26,CAMP_025,SEO Organic,8761,577,17,0.06,0.33,April,17
2024-10-17,CAMP_026,Instagram Ads,3099,40,0,39.53,91.65,October,42
2024-10-18,CAMP_026,Instagram Ads,3777,49,0,48.17,111.69,October,42
2024-10-19,CAMP_026,Instagram Ads,4530,58,0,57.77,133.95,October,42
2024-10-20,CAMP_026,Instagram Ads,4023,52,0,51.3,118.95,October,42
2024-10-21,CAMP_026,Instagram Ads,3762,48,0,47.97,111.23,October,43
2024-10-22,CAMP_026,Instagram Ads,3300,42,0,42.08,97.58,October,43
2024-10-23,CAMP_026,Instagram Ads,3319,43,0,42.33,98.15,October,43
2024-10-24,CAMP_026,Instagram Ads,4064,52,0,51.83,120.17,October,43
2024-10-25,CAMP_026,Instagram Ads,4783,62,0,60.99,141.41,October,43
2024-10-26,CAMP_026,Instagram Ads,4047,52,0,51.61,119.67,October,43
2024-10-27,CAMP_026,Instagram Ads,3817,49,0,48.67,112.86,October,43
2024-10-28,CAMP_026,Instagram Ads,4199,54,0,53.55,124.17,October,44
2024-10-29,CAMP_026,Instagram Ads,3612,46,0,46.06,106.8,October,44
2024-10-30,CAMP_026,Instagram Ads,2715,35,0,34.63,80.29,October,44
2024-10-31,CAMP_026,Instagram Ads,3827,49,0,48.8,113.15,October,44
2024-11-01,CAMP_026,Instagram Ads,4702,61,0,59.96,139.02,November,44
2024-11-02,CAMP_026,Instagram Ads,2970,38,0,37.88,87.82,November,44
2024-11-03,CAMP_026,Instagram Ads,4109,53,0,52.41,121.51,November,44
2024-11-04,CAMP_026,Instagram Ads,3027,39,0,38.6,89.5,November,45
2024-11-05,CAMP_026,Instagram Ads,3768,49,0,48.05,111.42,November,45
2024-11-06,CAMP_026,Instagram Ads,2796,36,0,35.66,82.68,November,45
2024-11-07,CAMP_026,Instagram Ads,3579,46,0,45.64,105.83,November,45
2024-11-08,CAMP_026,Instagram Ads,4256,55,0,54.27,125.84,November,45
2024-11-09,CAMP_026,Instagram Ads,3351,43,0,42.74,99.1,November,45
2024-09-29,CAMP_027,Email,3948,685,41,60.1,526.63,September,39
2024-09-30,CAMP_027,Email,4229,733,44,64.39,564.16,September,40
2024-10-01,CAMP_027,Email,4513,783,47,68.71,602.03,October,40
2024-10-02,CAMP_027,Email,3020,524,32,45.98,402.91,October,40
2024-10-03,CAMP_027,Email,3375,585,35,51.39,450.26,October,40
2024-10-04,CAMP_027,Email,2843,493,30,43.29,379.27,October,40
2024-10-05,CAMP_027,Email,4654,807,49,70.85,620.81,October,40
2024-10-06,CAMP_027,Email,4512,783,47,68.7,601.98,October,40
2024-10-07,CAMP_027,Email,3678,638,38,56.0,490.7,October,41
2024-10-08,CAMP_027,Email,4329,751,45,65.92,577.55,October,41
2024-10-09,CAMP_027,Email,3637,631,38,55.38,485.24,October,41
2024-10-10,CAMP_027,Email,3858,669,40,58.75,514.74,October,41
2024-10-11,CAMP_027,Email,2706,469,28,41.21,361.07,October,41
2024-10-12,CAMP_027,Email,4142,718,43,63.07,552.61,October,41
2024-10-13,CAMP_027,Email,2790,484,29,42.48,372.17,October,41
2024-10-14,CAMP_027,Email,4295,745,45,65.39,572.96,October,42
2024-10-15,CAMP_027,Email,4200,728,44,63.95,560.3,October,42
2024-10-16,CAMP_027,Email,4042,701,42,61.54,539.23,October,42
2024-10-17,CAMP_027,Email,2592,449,27,39.47,345.84,October,42
2024-10-18,CAMP_027,Email,3168,549,33,48.23,422.6,October,42
2024-10-19,CAMP_027,Email,3081,534,32,46.92,411.1,October,42
2024-10-20,CAMP_027,Email,3291,571,34,50.1,439.0,October,42
2024-10-21,CAMP_027,Email,2703,469,28,41.16,360.65,October,43
2024-10-22,CAMP_027,Email,4534,786,48,69.03,604.85,October,43
2024-10-23,CAMP_027,Email,3708,643,39,56.46,494.68,October,43
2024-10-24,CAMP_027,Email,3173,550,33,48.31,423.29,October,43
2024-10-25,CAMP_027,Email,3370,584,35,51.31,449.59,October,43
2024-10-26,CAMP_027,Email,3478,603,36,52.96,464.03,October,43
2024-10-27,CAMP_027,Email,3809,661,40,57.99,508.13,October,43
2024-10-28,CAMP_027,Email,3626,629,38,55.21,483.72,October,44
2024-09-27,CAMP_028,Email,8908,1695,91,19.71,166.72,September,39
2024-09-28,CAMP_028,Email,7104,1351,72,15.72,132.96,September,39
2024-09-29,CAMP_028,Email,9218,1754,94,20.39,172.53,September,39
2024-09-30,CAMP_028,Email,8617,1639,88,19.06,161.29,September,40
2024-10-01,CAMP_028,Email,5872,1117,60,12.99,109.9,October,40
2024-10-02,CAMP_028,Email,8955,1704,91,19.81,167.61,October,40
2024-10-03,CAMP_028,Email,5478,1042,56,12.12,102.54,October,40
2024-10-04,CAMP_028,Email,8472,1612,86,18.74,158.57,October,40
2024-10-05,CAMP_028,Email,6607,1257,67,14.62,123.66,October,40
2024-10-06,CAMP_028,Email,8731,1661,89,19.31,163.41,October,40
2024-10-07,CAMP_028,Email,8688,1653,89,19.22,162.62,October,41
2024-10-08,CAMP_028,Email,8423,1603,86,18.63,157.65,October,41
2024-10-09,CAMP_028,Email,8355,1590,85,18.48,156.38,October,41
2024-10-10,CAMP_028,Email,6283,1195,64,13.9,117.59,October,41
2024-10-11,CAMP_028,Email,5327,1013,54,11.79,99.71,October,41
2024-10-12,CAMP_028,Email,6702,1275,68,14.83,125.45,October,41
2024-10-13,CAMP_028,Email,5722,1089,58,12.66,107.11,October,41
2024-10-14,CAMP_028,Email,7949,1512,81,17.59,148.78,October,42
2024-10-15,CAMP_028,Email,6459,1229,66,14.29,120.9,October,42
2024-10-16,CAMP_028,Email,9148,1740,93,20.24,171.21,October,42
2024-10-17,CAMP_028,Email,7719,1468,79,17.08,144.47,October,42
2024-10-18,CAMP_028,Email,8494,1616,87,18.79,158.97,October,42
2024-10-19,CAMP_028,Email,5547,1055,56,12.27,103.83,October,42
2024-10-20,CAMP_028,Email,8662,1648,88,19.16,162.13,October,42
2024-10-21,CAMP_028,Email,8922,1697,91,19.74,166.99,October,43
2024-10-22,CAMP_028,Email,7061,1343,72,15.62,132.17,October,43
2024-10-23,CAMP_028,Email,7570,1440,77,16.75,141.69,October,43
2024-10-24,CAMP_028,Email,8247,1569,84,18.25,154.36,October,43
2024-10-25,CAMP_028,Email,5728,1090,58,12.67,107.21,October,43
2024-10-26,CAMP_028,Email,7128,1356,73,15.77,133.41,October,43
2024-10-27,CAMP_028,Email,6684,1272,68,14.79,125.1,October,43
2024-10-28,CAMP_028,Email,5607,1067,57,12.4,104.94,October,44
2024-10-29,CAMP_028,Email,6551,1246,67,14.49,122.61,October,44
2024-10-30,CAMP_028,Email,5273,1003,54,11.66,98.69,October,44
2024-10-31,CAMP_028,Email,5092,969,52,11.26,95.3,October,44
2024-11-01,CAMP_028,Email,5559,1057,56,12.3,104.04,November,44
2024-11-02,CAMP_028,Email,9094,1730,93,20.12,170.21,November,44
2024-11-03,CAMP_028,Email,7328,1394,75,16.21,137.16,November,44
2024-11-04,CAMP_028,Email,9106,1732,93,20.14,170.43,November,45
2024-11-05,CAMP_028,Email,6828,1299,70,15.11,127.81,November,45
2024-11-06,CAMP_028,Email,6313,1201,64,13.97,118.16,November,45
2024-11-07,CAMP_028,Email,7143,1359,73,15.8,133.69,November,45
2024-11-08,CAMP_028,Email,6858,1305,70,15.17,128.37,November,45
2024-11-09,CAMP_028,Email,5433,1033,55,12.02,101.68,November,45
2024-11-10,CAMP_028,Email,7718,1468,79,17.07,144.45,November,45
2024-11-11,CAMP_028,Email,5904,1123,60,13.06,110.51,November,46
2024-11-12,CAMP_028,Email,7627,1451,78,16.87,142.76,November,46
2024-11-13,CAMP_028,Email,7758,1476,79,17.16,145.2,November,46
2024-11-14,CAMP_028,Email,5631,1071,57,12.46,105.39,November,46
2024-11-15,CAMP_028,Email,5243,997,53,11.6,98.14,November,46
2024-11-16,CAMP_028,Email,8316,1582,85,18.4,155.64,November,46
2024-11-17,CAMP_028,Email,6945,1321,71,15.36,129.99,November,46
2024-11-18,CAMP_028,Email,5230,995,53,11.57,97.89,November,47
2024-11-19,CAMP_028,Email,9230,1756,94,20.42,172.75,November,47
2024-11-20,CAMP_028,Email,5228,995,53,11.57,97.86,November,47
2024-11-21,CAMP_028,Email,7949,1512,81,17.59,148.79,November,47
2024-11-22,CAMP_028,Email,9182,1747,94,20.31,171.86,November,47
2024-11-23,CAMP_028,Email,6003,1142,61,13.28,112.36,November,47
2024-11-24,CAMP_028,Email,5589,1063,57,12.36,104.61,November,47
2024-11-25,CAMP_028,Email,5500,1046,56,12.17,102.94,November,48
2024-11-26,CAMP_028,Email,6277,1194,64,13.89,117.48,November,48
2024-11-27,CAMP_028,Email,5413,1030,55,11.98,101.32,November,48
2024-11-28,CAMP_028,Email,7937,1510,81,17.56,148.56,November,48
2024-11-29,CAMP_028,Email,5247,998,53,11.61,98.22,November,48
2024-11-30,CAMP_028,Email,7157,1362,73,15.83,133.95,November,48
2024-12-01,CAMP_028,Email,9238,1758,94,20.44,172.9,December,48
2024-12-02,CAMP_028,Email,8457,1609,86,18.71,158.29,December,49
2024-12-03,CAMP_028,Email,7609,1448,78,16.83,142.41,December,49
2024-07-23,CAMP_029,SEO Organic,3580,219,10,0.02,0.14,July,30
2024-07-24,CAMP_029,SEO Organic,4352,266,13,0.03,0.17,July,30
2024-07-25,CAMP_029,SEO Organic,4117,251,12,0.03,0.16,July,30
2024-07-26,CAMP_029,SEO Organic,3871,236,11,0.02,0.15,July,30
2024-07-27,CAMP_029,SEO Organic,3153,193,9,0.02,0.12,July,30
2024-07-28,CAMP_029,SEO Organic,4991,305,15,0.03,0.19,July,30
2024-07-29,CAMP_029,SEO Organic,3929,240,12,0.02,0.15,July,31
2024-07-30,CAMP_029,SEO Organic,3309,202,10,0.02,0.13,July,31
2024-07-31,CAMP_029,SEO Organic,3730,228,11,0.02,0.15,July,31
2024-08-01,CAMP_029,SEO Organic,3842,235,11,0.02,0.15,August,31
2024-08-02,CAMP_029,SEO Organic,4847,296,14,0.03,0.19,August,31
2024-08-03,CAMP_029,SEO Organic,4619,282,14,0.03,0.18,August,31
2024-08-04,CAMP_029,SEO Organic,4706,288,14,0.03,0.18,August,31
2024-08-05,CAMP_029,SEO Organic,2862,175,8,0.02,0.11,August,32
2024-08-06,CAMP_029,SEO Organic,3847,235,11,0.02,0.15,August,32
2024-08-07,CAMP_029,SEO Organic,4006,245,12,0.02,0.16,August,32
2024-08-08,CAMP_029,SEO Organic,2882,176,8,0.02,0.11,August,32
2024-08-09,CAMP_029,SEO Organic,3467,212,10,0.02,0.13,August,32
2024-08-10,CAMP_029,SEO Organic,4684,286,14,0.03,0.18,August,32
2024-08-11,CAMP_029,SEO Organic,3169,193,9,0.02,0.12,August,32
2024-08-12,CAMP_029,SEO Organic,4137,253,12,0.03,0.16,August,33
2024-08-13,CAMP_029,SEO Organic,3359,205,10,0.02,0.13,August,33
2024-08-14,CAMP_029,SEO Organic,2865,175,8,0.02,0.11,August,33
2024-08-15,CAMP_029,SEO Organic,3422,209,10,0.02,0.13,August,33
2024-08-16,CAMP_029,SEO Organic,5208,318,15,0.03,0.2,August,33
2024-08-17,CAMP_029,SEO Organic,4784,292,14,0.03,0.19,August,33
2024-08-18,CAMP_029,SEO Organic,5168,316,15,0.03,0.2,August,33
2024-08-19,CAMP_029,SEO Organic,4022,246,12,0.02,0.16,August,34
2024-08-20,CAMP_029,SEO Organic,3102,189,9,0.02,0.12,August,34
2024-08-21,CAMP_029,SEO Organic,4168,255,12,0.03,0.16,August,34
2024-08-22,CAMP_029,SEO Organic,3940,241,12,0.02,0.15,August,34
2024-08-23,CAMP_029,SEO Organic,4888,299,14,0.03,0.19,August,34
2024-08-24,CAMP_029,SEO Organic,3074,188,9,0.02,0.12,August,34
2024-08-25,CAMP_029,SEO Organic,4022,246,12,0.02,0.16,August,34
2024-08-26,CAMP_029,SEO Organic,3200,195,9,0.02,0.12,August,35
2024-08-27,CAMP_029,SEO Organic,3625,221,11,0.02,0.14,August,35
2024-08-28,CAMP_029,SEO Organic,4628,283,14,0.03,0.18,August,35
2024-08-29,CAMP_029,SEO Organic,3993,244,12,0.02,0.16,August,35
2024-08-30,CAMP_029,SEO Organic,3749,229,11,0.02,0.15,August,35
2024-08-31,CAMP_029,SEO Organic,3795,232,11,0.02,0.15,August,35
2024-09-01,CAMP_029,SEO Organic,3952,241,12,0.02,0.15,September,35
2024-09-02,CAMP_029,SEO Organic,4744,290,14,0.03,0.18,September,36
2024-09-03,CAMP_029,SEO Organic,5004,306,15,0.03,0.19,September,36
2024-09-04,CAMP_029,SEO Organic,5158,315,15,0.03,0.2,September,36
2024-09-05,CAMP_029,SEO Organic,4749,290,14,0.03,0.18,September,36
2024-09-06,CAMP_029,SEO Organic,3602,220,11,0.02,0.14,September,36
2024-09-07,CAMP_029,SEO Organic,4508,275,13,0.03,0.18,September,36
2024-09-08,CAMP_029,SEO Organic,3899,238,11,0.02,0.15,September,36
2024-09-09,CAMP_029,SEO Organic,3455,211,10,0.02,0.13,September,37
2024-09-10,CAMP_029,SEO Organic,4880,298,14,0.03,0.19,September,37
2024-09-11,CAMP_029,SEO Organic,2929,179,8,0.02,0.11,September,37
2024-09-12,CAMP_029,SEO Organic,5028,307,15,0.03,0.2,September,37
2024-09-13,CAMP_029,SEO Organic,3957,242,12,0.02,0.15,September,37
2024-09-14,CAMP_029,SEO Organic,4385,268,13,0.03,0.17,September,37
2024-09-15,CAMP_029,SEO Organic,4438,271,13,0.03,0.17,September,37
2024-09-16,CAMP_029,SEO Organic,5012,306,15,0.03,0.19,September,38
2024-09-17,CAMP_029,SEO Organic,4383,268,13,0.03,0.17,September,38
2024-09-18,CAMP_029,SEO Organic,4328,264,13,0.03,0.17,September,38
2024-09-19,CAMP_029,SEO Organic,2998,183,9,0.02,0.12,September,38
2024-09-20,CAMP_029,SEO Organic,4096,250,12,0.03,0.16,September,38
2024-09-21,CAMP_029,SEO Organic,3201,195,9,0.02,0.12,September,38
2024-04-25,CAMP_030,SEO Organic,10497,622,10,0.06,0.43,April,17
2024-04-26,CAMP_030,SEO Organic,9255,548,9,0.05,0.38,April,17
2024-04-27,CAMP_030,SEO Organic,10181,603,10,0.06,0.42,April,17
2024-04-28,CAMP_030,SEO Organic,6661,395,6,0.04,0.27,April,17
2024-04-29,CAMP_030,SEO Organic,6899,409,7,0.04,0.28,April,18
2024-04-30,CAMP_030,SEO Organic,10380,615,10,0.06,0.43,April,18
2024-05-01,CAMP_030,SEO Organic,6829,404,7,0.04,0.28,May,18
2024-05-02,CAMP_030,SEO Organic,6824,404,7,0.04,0.28,May,18
2024-05-03,CAMP_030,SEO Organic,6498,385,6,0.04,0.27,May,18
2024-05-04,CAMP_030,SEO Organic,11704,694,12,0.07,0.48,May,18
2024-05-05,CAMP_030,SEO Organic,10497,622,10,0.06,0.43,May,18
2024-05-06,CAMP_030,SEO Organic,8379,496,8,0.05,0.34,May,19
2024-05-07,CAMP_030,SEO Organic,8066,478,8,0.05,0.33,May,19
2024-05-08,CAMP_030,SEO Organic,8359,495,8,0.05,0.34,May,19
2024-05-09,CAMP_030,SEO Organic,10702,634,11,0.06,0.44,May,19
2024-05-10,CAMP_030,SEO Organic,10077,597,10,0.06,0.41,May,19
2024-05-11,CAMP_030,SEO Organic,7452,441,7,0.04,0.31,May,19
2024-05-12,CAMP_030,SEO Organic,7391,438,7,0.04,0.3,May,19
2024-05-13,CAMP_030,SEO Organic,6974,413,7,0.04,0.29,May,20
2024-05-14,CAMP_030,SEO Organic,10071,597,10,0.06,0.41,May,20
2024-05-15,CAMP_030,SEO Organic,10645,631,11,0.06,0.44,May,20
2024-05-16,CAMP_030,SEO Organic,7892,468,8,0.05,0.32,May,20
2024-04-22,CAMP_031,SEO Organic,4170,316,6,0.03,0.14,April,17
2024-04-23,CAMP_031,SEO Organic,4385,332,6,0.03,0.14,April,17
2024-04-24,CAMP_031,SEO Organic,7496,568,11,0.06,0.25,April,17
2024-04-25,CAMP_031,SEO Organic,5134,389,7,0.04,0.17,April,17
2024-04-26,CAMP_031,SEO Organic,6798,515,10,0.05,0.22,April,17
2024-04-27,CAMP_031,SEO Organic,6291,476,9,0.05,0.21,April,17
2024-04-28,CAMP_031,SEO Organic,5438,412,8,0.04,0.18,April,17
2024-04-29,CAMP_031,SEO Organic,4819,365,7,0.04,0.16,April,18
2024-04-30,CAMP_031,SEO Organic,4523,342,6,0.03,0.15,April,18
2024-05-01,CAMP_031,SEO Organic,6257,474,9,0.05,0.2,May,18
2024-05-02,CAMP_031,SEO Organic,6817,516,10,0.05,0.22,May,18
2024-05-03,CAMP_031,SEO Organic,6358,482,9,0.05,0.21,May,18
2024-05-04,CAMP_031,SEO Organic,5959,451,8,0.05,0.19,May,18
2024-05-05,CAMP_031,SEO Organic,4244,321,6,0.03,0.14,May,18
2024-01-17,CAMP_032,Google Ads,1873,100,5,131.48,492.65,January,3
2024-01-18,CAMP_032,Google Ads,1724,92,5,121.03,453.48,January,3
2024-01-19,CAMP_032,Google Ads,1280,68,3,89.87,336.75,January,3
2024-01-20,CAMP_032,Google Ads,1883,101,5,132.19,495.3,January,3
2024-01-21,CAMP_032,Google Ads,1551,83,4,108.9,408.06,January,3
2024-01-22,CAMP_032,Google Ads,1534,82,4,107.71,403.57,January,4
2024-01-23,CAMP_032,Google Ads,1679,90,5,117.91,441.79,January,4
2024-01-24,CAMP_032,Google Ads,1735,93,5,121.83,456.49,January,4
2024-01-25,CAMP_032,Google Ads,1599,86,4,112.27,420.66,January,4
2024-01-26,CAMP_032,Google Ads,1135,61,3,79.73,298.74,January,4
2024-01-27,CAMP_032,Google Ads,1320,71,4,92.67,347.24,January,4
2024-01-28,CAMP_032,Google Ads,1837,98,5,128.99,483.33,January,4
2024-01-29,CAMP_032,Google Ads,1220,65,3,85.67,321.01,January,5
2024-01-30,CAMP_032,Google Ads,1350,72,4,94.76,355.06,January,5
2024-01-31,CAMP_032,Google Ads,1402,75,4,98.45,368.88,January,5
2024-02-01,CAMP_032,Google Ads,1409,75,4,98.9,370.57,February,5
2024-02-02,CAMP_032,Google Ads,1561,83,4,109.59,410.61,February,5
2024-02-03,CAMP_032,Google Ads,1850,99,5,129.92,486.79,February,5
2024-02-04,CAMP_032,Google Ads,1234,66,3,86.66,324.72,February,5
2024-02-05,CAMP_032,Google Ads,1130,60,3,79.32,297.22,February,6
2024-02-06,CAMP_032,Google Ads,1196,64,3,84.0,314.75,February,6
2024-02-07,CAMP_032,Google Ads,1801,96,5,126.46,473.83,February,6
2024-02-08,CAMP_032,Google Ads,1590,85,4,111.61,418.2,February,6
2024-02-09,CAMP_032,Google Ads,1274,68,3,89.45,335.16,February,6
2024-02-10,CAMP_032,Google Ads,1739,93,5,122.09,457.45,February,6
2024-02-11,CAMP_032,Google Ads,1779,95,5,124.88,467.93,February,6
2024-02-12,CAMP_032,Google Ads,1766,95,5,123.97,464.51,February,7
2024-02-13,CAMP_032,Google Ads,1829,98,5,128.43,481.21,February,7
2024-02-14,CAMP_032,Google Ads,1244,66,3,87.37,327.39,February,7
2024-02-15,CAMP_032,Google Ads,1685,90,5,118.34,443.4,February,7
2024-02-16,CAMP_032,Google Ads,1427,76,4,100.2,375.45,February,7
2024-02-17,CAMP_032,Google Ads,1762,94,5,123.69,463.46,February,7
2024-02-18,CAMP_032,Google Ads,1662,89,5,116.7,437.27,February,7
2024-02-19,CAMP_032,Google Ads,1704,91,5,119.65,448.34,February,8
2024-02-20,CAMP_032,Google Ads,1599,86,4,112.25,420.59,February,8
2024-02-21,CAMP_032,Google Ads,1179,63,3,82.77,310.13,February,8
2024-02-22,CAMP_032,Google Ads,1501,80,4,105.4,394.94,February,8
2024-02-23,CAMP_032,Google Ads,1887,101,5,132.48,496.38,February,8
2024-02-24,CAMP_032,Google Ads,1845,99,5,129.56,485.47,February,8
2024-02-25,CAMP_032,Google Ads,1061,57,3,74.5,279.15,February,8
2024-02-26,CAMP_032,Google Ads,1168,62,3,81.99,307.22,February,9
2024-02-27,CAMP_032,Google Ads,1139,61,3,79.95,299.58,February,9
2024-02-28,CAMP_032,Google Ads,1660,89,5,116.55,436.7,February,9
2024-02-29,CAMP_032,Google Ads,1741,93,5,122.2,457.88,February,9
2024-03-01,CAMP_032,Google Ads,1210,65,3,84.99,318.45,March,9
2024-03-02,CAMP_032,Google Ads,1467,78,4,102.99,385.91,March,9
2024-03-03,CAMP_032,Google Ads,1761,94,5,123.61,463.17,March,9
2024-03-04,CAMP_032,Google Ads,1666,89,5,116.97,438.27,March,10
2024-03-05,CAMP_032,Google Ads,1499,80,4,105.23,394.3,March,10
2024-03-06,CAMP_032,Google Ads,1541,82,4,108.19,405.4,March,10
2024-03-07,CAMP_032,Google Ads,1469,79,4,103.15,386.48,March,10
2024-03-08,CAMP_032,Google Ads,1284,69,3,90.16,337.84,March,10
2024-03-09,CAMP_032,Google Ads,1519,81,4,106.64,399.56,March,10
2024-03-10,CAMP_032,Google Ads,1627,87,4,114.26,428.14,March,10
2024-03-11,CAMP_032,Google Ads,1789,96,5,125.62,470.69,March,11
2024-03-12,CAMP_032,Google Ads,1581,85,4,111.02,416.0,March,11
2024-04-19,CAMP_033,Facebook Ads,1526,39,0,23.0,72.41,April,16
2024-04-20,CAMP_033,Facebook Ads,1050,27,0,15.83,49.83,April,16
2024-04-21,CAMP_033,Facebook Ads,1289,33,0,19.43,61.16,April,16
2024-04-22,CAMP_033,Facebook Ads,931,24,0,14.03,44.17,April,17
2024-04-23,CAMP_033,Facebook Ads,1119,29,0,16.86,53.08,April,17
2024-04-24,CAMP_033,Facebook Ads,1499,38,0,22.59,71.11,April,17
2024-04-25,CAMP_033,Facebook Ads,1709,44,0,25.75,81.07,April,17
2024-04-26,CAMP_033,Facebook Ads,1002,26,0,15.1,47.54,April,17
2024-04-27,CAMP_033,Facebook Ads,1241,32,0,18.71,58.9,April,17
2024-04-28,CAMP_033,Facebook Ads,1557,40,0,23.47,73.87,April,17
2024-04-29,CAMP_033,Facebook Ads,1085,28,0,16.35,51.48,April,18
2024-04-30,CAMP_033,Facebook Ads,1363,35,0,20.54,64.67,April,18
2024-05-01,CAMP_033,Facebook Ads,1504,39,0,22.67,71.35,May,18
2024-05-02,CAMP_033,Facebook Ads,1411,36,0,21.27,66.96,May,18
2024-05-03,CAMP_033,Facebook Ads,1072,27,0,16.16,50.88,May,18
2024-05-04,CAMP_033,Facebook Ads,1205,31,0,18.16,57.17,May,18
2024-05-05,CAMP_033,Facebook Ads,1544,40,0,23.27,73.26,May,18
2024-05-06,CAMP_033,Facebook Ads,1362,35,0,20.53,64.64,May,19
2024-05-07,CAMP_033,Facebook Ads,927,24,0,13.98,44.02,May,19
2024-05-08,CAMP_033,Facebook Ads,1526,39,0,23.0,72.4,May,19
2024-05-09,CAMP_033,Facebook Ads,951,24,0,14.34,45.15,May,19
2024-05-10,CAMP_033,Facebook Ads,1514,39,0,22.82,71.83,May,19
2024-05-11,CAMP_033,Facebook Ads,1084,28,0,16.34,51.42,May,19
2024-05-12,CAMP_033,Facebook Ads,1682,43,0,25.35,79.8,May,19
2024-05-13,CAMP_033,Facebook Ads,1215,31,0,18.31,57.64,May,20
2024-05-14,CAMP_033,Facebook Ads,1182,30,0,17.82,56.1,May,20
2024-05-15,CAMP_033,Facebook Ads,1041,27,0,15.7,49.41,May,20
2024-05-16,CAMP_033,Facebook Ads,1165,30,0,17.57,55.3,May,20
2024-05-17,CAMP_033,Facebook Ads,1618,42,0,24.38,76.75,May,20
2024-05-18,CAMP_033,Facebook Ads,1712,44,0,25.81,81.24,May,20
2024-05-19,CAMP_033,Facebook Ads,1215,31,0,18.31,57.65,May,20
2024-05-20,CAMP_033,Facebook Ads,1279,33,0,19.27,60.67,May,21
2024-05-21,CAMP_033,Facebook Ads,1495,38,0,22.54,70.94,May,21
2024-05-22,CAMP_033,Facebook Ads,1625,42,0,24.49,77.1,May,21
2024-05-23,CAMP_033,Facebook Ads,1393,36,0,21.0,66.09,May,21
2024-05-24,CAMP_033,Facebook Ads,1233,32,0,18.59,58.53,May,21
2024-05-25,CAMP_033,Facebook Ads,1250,32,0,18.84,59.32,May,21
2024-05-26,CAMP_033,Facebook Ads,1474,38,0,22.22,69.95,May,21
2024-05-27,CAMP_033,Facebook Ads,926,24,0,13.96,43.94,May,22
2024-05-28,CAMP_033,Facebook Ads,1414,36,0,21.31,67.09,May,22
2024-05-29,CAMP_033,Facebook Ads,1205,31,0,18.16,57.17,May,22
2024-05-30,CAMP_033,Facebook Ads,1552,40,0,23.4,73.65,May,22
2024-05-31,CAMP_033,Facebook Ads,997,25,0,15.03,47.31,May,22
2024-06-01,CAMP_033,Facebook Ads,1389,36,0,20.94,65.91,June,22
2024-06-02,CAMP_033,Facebook Ads,1304,33,0,19.66,61.88,June,22
2024-06-03,CAMP_033,Facebook Ads,1432,37,0,21.58,67.95,June,23
2024-06-04,CAMP_033,Facebook Ads,975,25,0,14.69,46.26,June,23
2024-06-05,CAMP_033,Facebook Ads,1383,35,0,20.84,65.6,June,23
2024-06-06,CAMP_033,Facebook Ads,1368,35,0,20.62,64.91,June,23
2024-06-07,CAMP_033,Facebook Ads,1367,35,0,20.61,64.88,June,23
2024-06-08,CAMP_033,Facebook Ads,1401,36,0,21.12,66.49,June,23
2024-06-09,CAMP_033,Facebook Ads,1459,37,0,21.99,69.23,June,23
2024-06-10,CAMP_033,Facebook Ads,1561,40,0,23.52,74.05,June,24
2024-06-11,CAMP_033,Facebook Ads,1137,29,0,17.14,53.95,June,24
2024-06-12,CAMP_033,Facebook Ads,1577,40,0,23.76,74.81,June,24
2024-06-13,CAMP_033,Facebook Ads,1318,34,0,19.86,62.53,June,24
2024-06-14,CAMP_033,Facebook Ads,984,25,0,14.84,46.71,June,24
2024-06-15,CAMP_033,Facebook Ads,970,25,0,14.62,46.02,June,24
2024-06-16,CAMP_033,Facebook Ads,1188,30,0,17.91,56.37,June,24
2024-06-17,CAMP_033,Facebook Ads,1545,40,0,23.28,73.3,June,25
2024-06-18,CAMP_033,Facebook Ads,1484,38,0,22.36,70.4,June,25
2024-06-19,CAMP_033,Facebook Ads,1548,40,0,23.33,73.44,June,25
2024-06-20,CAMP_033,Facebook Ads,1333,34,0,20.09,63.25,June,25
2024-06-21,CAMP_033,Facebook Ads,1272,33,0,19.17,60.35,June,25
2024-06-22,CAMP_033,Facebook Ads,1040,27,0,15.68,49.36,June,25
2024-06-23,CAMP_033,Facebook Ads,1183,30,0,17.84,56.15,June,25
2024-06-24,CAMP_033,Facebook Ads,1267,32,0,19.1,60.12,June,26
2024-06-25,CAMP_033,Facebook Ads,993,25,0,14.98,47.15,June,26
2024-06-26,CAMP_033,Facebook Ads,1098,28,0,16.55,52.11,June,26
2024-06-27,CAMP_033,Facebook Ads,1397,36,0,21.06,66.29,June,26
2024-06-28,CAMP_033,Facebook Ads,1506,39,0,22.7,71.45,June,26
2024-06-29,CAMP_033,Facebook Ads,1714,44,0,25.83,81.32,June,26
2024-06-30,CAMP_033,Facebook Ads,1662,43,0,25.05,78.87,June,26
2024-07-01,CAMP_033,Facebook Ads,1432,37,0,21.59,67.95,July,27
2024-07-02,CAMP_033,Facebook Ads,1257,32,0,18.95,59.64,July,27
2024-07-03,CAMP_033,Facebook Ads,1427,37,0,21.51,67.71,July,27
2024-07-04,CAMP_033,Facebook Ads,1545,40,0,23.29,73.33,July,27
2024-07-05,CAMP_033,Facebook Ads,1017,26,0,15.33,48.26,July,27
2024-07-06,CAMP_033,Facebook Ads,1248,32,0,18.81,59.22,July,27
2024-07-07,CAMP_033,Facebook Ads,1588,41,0,23.94,75.36,July,27
2024-07-08,CAMP_033,Facebook Ads,1227,31,0,18.5,58.24,July,28
2024-07-09,CAMP_033,Facebook Ads,1376,35,0,20.74,65.3,July,28
2024-07-10,CAMP_033,Facebook Ads,1389,36,0,20.93,65.9,July,28
2024-08-30,CAMP_034,SEO Organic,1666,64,2,0.01,0.05,August,35
2024-08-31,CAMP_034,SEO Organic,1885,73,2,0.01,0.06,August,35
2024-09-01,CAMP_034,SEO Organic,1851,71,2,0.01,0.06,September,35
2024-09-02,CAMP_034,SEO Organic,1471,57,1,0.01,0.05,September,36
2024-09-03,CAMP_034,SEO Organic,1468,56,1,0.01,0.05,September,36
2024-09-04,CAMP_034,SEO Organic,2464,95,3,0.01,0.08,September,36
2024-09-05,CAMP_034,SEO Organic,1775,68,2,0.01,0.05,September,36
2024-09-06,CAMP_034,SEO Organic,2078,80,2,0.01,0.06,September,36
2024-09-07,CAMP_034,SEO Organic,1807,70,2,0.01,0.06,September,36
2024-09-08,CAMP_034,SEO Organic,2599,100,3,0.01,0.08,September,36
2024-09-09,CAMP_034,SEO Organic,1758,68,2,0.01,0.05,September,37
2024-09-10,CAMP_034,SEO Organic,1969,76,2,0.01,0.06,September,37
2024-09-11,CAMP_034,SEO Organic,2515,97,3,0.01,0.08,September,37
2024-09-12,CAMP_034,SEO Organic,2477,96,3,0.01,0.08,September,37
2024-09-13,CAMP_034,SEO Organic,1668,64,2,0.01,0.05,September,37
2024-09-14,CAMP_034,SEO Organic,2429,94,3,0.01,0.07,September,37
2024-09-15,CAMP_034,SEO Organic,2004,77,2,0.01,0.06,September,37
2024-09-16,CAMP_034,SEO Organic,2034,78,2,0.01,0.06,September,38
2024-09-17,CAMP_034,SEO Organic,1603,62,1,0.01,0.05,September,38
2024-09-18,CAMP_034,SEO Organic,1538,59,1,0.01,0.05,September,38
2024-09-19,CAMP_034,SEO Organic,2336,90,2,0.01,0.07,September,38
2024-09-20,CAMP_034,SEO Organic,2051,79,2,0.01,0.06,September,38
2024-09-21,CAMP_034,SEO Organic,1977,76,2,0.01,0.06,September,38
2024-09-22,CAMP_034,SEO Organic,2338,90,2,0.01,0.07,September,38
2024-09-23,CAMP_034,SEO Organic,2383,92,2,0.01,0.07,September,39
2024-09-24,CAMP_034,SEO Organic,1635,63,2,0.01,0.05,September,39
2024-09-25,CAMP_034,SEO Organic,2191,84,2,0.01,0.07,September,39
2024-09-26,CAMP_034,SEO Organic,1606,62,2,0.01,0.05,September,39
2024-09-27,CAMP_034,SEO Organic,2365,91,2,0.01,0.07,September,39
2024-09-28,CAMP_034,SEO Organic,2249,87,2,0.01,0.07,September,39
2024-09-29,CAMP_034,SEO Organic,2619,101,3,0.01,0.08,September,39
2024-09-30,CAMP_034,SEO Organic,1524,59,1,0.01,0.05,September,40
2024-10-01,CAMP_034,SEO Organic,1509,58,1,0.01,0.05,October,40
2024-10-02,CAMP_034,SEO Organic,1787,69,2,0.01,0.05,October,40
2024-10-03,CAMP_034,SEO Organic,1761,68,2,0.01,0.05,October,40
2024-10-04,CAMP_034,SEO Organic,1743,67,2,0.01,0.05,October,40
2024-10-05,CAMP_034,SEO Organic,2556,99,3,0.01,0.08,October,40
2024-10-06,CAMP_034,SEO Organic,1746,67,2,0.01,0.05,October,40
2024-10-07,CAMP_034,SEO Organic,1774,68,2,0.01,0.05,October,41
2024-10-08,CAMP_034,SEO Organic,2375,92,2,0.01,0.07,October,41
2024-10-09,CAMP_034,SEO Organic,1993,77,2,0.01,0.06,October,41
2024-10-10,CAMP_034,SEO Organic,2397,92,2,0.01,0.07,October,41
2024-10-11,CAMP_034,SEO Organic,1519,58,1,0.01,0.05,October,41
2024-10-12,CAMP_034,SEO Organic,2040,79,2,0.01,0.06,October,41
2024-10-13,CAMP_034,SEO Organic,1480,57,1,0.01,0.05,October,41
2024-10-14,CAMP_034,SEO Organic,1516,58,1,0.01,0.05,October,42
2024-10-15,CAMP_034,SEO Organic,2557,99,3,0.01,0.08,October,42
2024-10-16,CAMP_034,SEO Organic,1610,62,2,0.01,0.05,October,42
2024-10-17,CAMP_034,SEO Organic,2095,81,2,0.01,0.06,October,42
2024-10-18,CAMP_034,SEO Organic,1946,75,2,0.01,0.06,October,42
2024-10-19,CAMP_034,SEO Organic,1867,72,2,0.01,0.06,October,42
2024-10-20,CAMP_034,SEO Organic,2549,98,3,0.01,0.08,October,42
2024-10-21,CAMP_034,SEO Organic,1465,56,1,0.01,0.05,October,43
2024-10-22,CAMP_034,SEO Organic,2257,87,2,0.01,0.07,October,43
2024-10-23,CAMP_034,SEO Organic,2627,101,3,0.01,0.08,October,43
2024-10-24,CAMP_034,SEO Organic,2130,82,2,0.01,0.07,October,43
2024-10-25,CAMP_034,SEO Organic,2594,100,3,0.01,0.08,October,43
2024-10-26,CAMP_034,SEO Organic,1503,58,1,0.01,0.05,October,43
2024-10-27,CAMP_034,SEO Organic,1955,75,2,0.01,0.06,October,43
2024-10-28,CAMP_034,SEO Organic,1759,68,2,0.01,0.05,October,44
2024-10-29,CAMP_034,SEO Organic,2340,90,2,0.01,0.07,October,44
2024-10-30,CAMP_034,SEO Organic,2649,102,3,0.01,0.08,October,44
2024-10-31,CAMP_034,SEO Organic,1755,68,2,0.01,0.05,October,44
2024-11-01,CAMP_034,SEO Organic,2245,87,2,0.01,0.07,November,44
2024-11-02,CAMP_034,SEO Organic,1683,65,2,0.01,0.05,November,44
2024-11-03,CAMP_034,SEO Organic,2136,82,2,0.01,0.07,November,44
2024-07-29,CAMP_035,Google Ads,5879,195,6,431.45,1387.23,July,31
2024-07-30,CAMP_035,Google Ads,7711,256,8,565.88,1819.47,July,31
2024-07-31,CAMP_035,Google Ads,6401,212,6,469.7,1510.24,July,31
2024-08-01,CAMP_035,Google Ads,5467,181,5,401.17,1289.88,August,31
2024-08-02,CAMP_035,Google Ads,4618,153,4,338.88,1089.61,August,31
2024-08-03,CAMP_035,Google Ads,4752,158,5,348.71,1121.21,August,31
2024-08-04,CAMP_035,Google Ads,5019,166,5,368.31,1184.23,August,31
2024-08-05,CAMP_035,Google Ads,5111,169,5,375.1,1206.05,August,32
2024-08-06,CAMP_035,Google Ads,7274,241,7,533.76,1716.2,August,32
2024-08-07,CAMP_035,Google Ads,6230,207,6,457.19,1470.0,August,32
2024-08-08,CAMP_035,Google Ads,6094,202,6,447.18,1437.82,August,32
2024-08-09,CAMP_035,Google Ads,4620,153,4,339.06,1090.18,August,32
2024-08-10,CAMP_035,Google Ads,7308,243,7,536.28,1724.3,August,32
2024-08-11,CAMP_035,Google Ads,6813,226,7,499.94,1607.47,August,32
2024-08-12,CAMP_035,Google Ads,4450,147,4,326.6,1050.11,August,33
2024-08-13,CAMP_035,Google Ads,6759,224,7,495.98,1594.73,August,33
2024-08-14,CAMP_035,Google Ads,6166,205,6,452.51,1454.96,August,33
2024-08-15,CAMP_035,Google Ads,4501,149,4,330.32,1062.07,August,33
2024-08-16,CAMP_035,Google Ads,5859,194,6,429.96,1382.44,August,33
2024-08-17,CAMP_035,Google Ads,5954,198,6,436.94,1404.9,August,33
2024-08-18,CAMP_035,Google Ads,4804,159,5,352.56,1133.57,August,33
2024-08-19,CAMP_035,Google Ads,7617,253,8,558.92,1797.09,August,34
2024-08-20,CAMP_035,Google Ads,7271,241,7,533.59,1715.66,August,34
2024-08-21,CAMP_035,Google Ads,6619,220,6,485.71,1561.71,August,34
2024-08-22,CAMP_035,Google Ads,5873,195,6,431.01,1385.84,August,34
2024-08-23,CAMP_035,Google Ads,5691,189,6,417.64,1342.85,August,34
2024-08-24,CAMP_035,Google Ads,6554,217,6,480.94,1546.36,August,34
2024-08-25,CAMP_035,Google Ads,6173,205,6,453.01,1456.57,August,34
2024-08-26,CAMP_035,Google Ads,4431,147,4,325.17,1045.52,August,35
2024-08-27,CAMP_035,Google Ads,6055,201,6,444.3,1428.55,August,35
2024-08-28,CAMP_035,Google Ads,7114,236,7,522.06,1678.59,August,35
2024-08-29,CAMP_035,Google Ads,5862,194,6,430.2,1383.24,August,35
2024-08-30,CAMP_035,Google Ads,4394,146,4,322.44,1036.74,August,35
2024-08-31,CAMP_035,Google Ads,7042,234,7,516.74,1661.47,August,35
2024-09-01,CAMP_035,Google Ads,4933,164,5,361.97,1163.85,September,35
2024-09-02,CAMP_035,Google Ads,5139,170,5,377.12,1212.56,September,36
2024-09-03,CAMP_035,Google Ads,4800,159,5,352.27,1132.66,September,36
2024-09-04,CAMP_035,Google Ads,5397,179,5,396.06,1273.47,September,36
2024-09-05,CAMP_035,Google Ads,6935,230,7,508.92,1636.35,September,36
2024-09-06,CAMP_035,Google Ads,6079,202,6,446.12,1434.41,September,36
2024-09-07,CAMP_035,Google Ads,4945,164,5,362.9,1166.84,September,36
2024-09-08,CAMP_035,Google Ads,7372,245,7,540.96,1739.35,September,36
2024-09-09,CAMP_035,Google Ads,7378,245,7,541.42,1740.84,September,37
2024-09-10,CAMP_035,Google Ads,7346,244,7,539.04,1733.18,September,37
2024-09-11,CAMP_035,Google Ads,5068,168,5,371.88,1195.7,September,37
2024-09-12,CAMP_035,Google Ads,5834,193,6,428.09,1376.43,September,37
2024-09-13,CAMP_035,Google Ads,7758,257,8,569.31,1830.52,September,37
2024-09-14,CAMP_035,Google Ads,6990,232,7,512.96,1649.33,September,37
2024-09-15,CAMP_035,Google Ads,4304,143,4,315.88,1015.65,September,37
2024-09-16,CAMP_035,Google Ads,4442,147,4,325.94,1048.01,September,38
2024-09-17,CAMP_035,Google Ads,5879,195,6,431.45,1387.23,September,38
2024-09-18,CAMP_035,Google Ads,7485,248,7,549.27,1766.06,September,38
2024-09-19,CAMP_035,Google Ads,6149,204,6,451.23,1450.84,September,38
2024-09-20,CAMP_035,Google Ads,6002,199,6,440.41,1416.05,September,38
2024-09-21,CAMP_035,Google Ads,4587,152,4,336.6,1082.27,September,38
2024-09-22,CAMP_035,Google Ads,6575,218,6,482.47,1551.3,September,38
2024-09-23,CAMP_035,Google Ads,7171,238,7,526.22,1691.94,September,39
2024-09-24,CAMP_035,Google Ads,5578,185,5,409.35,1316.18,September,39
2024-09-25,CAMP_035,Google Ads,7003,232,7,513.91,1652.39,September,39
2024-09-26,CAMP_035,Google Ads,7684,255,8,563.89,1813.07,September,39
2024-09-27,CAMP_035,Google Ads,4941,164,5,362.61,1165.89,September,39
2024-09-28,CAMP_035,Google Ads,6094,202,6,447.16,1437.76,September,39
2024-09-29,CAMP_035,Google Ads,5242,174,5,384.67,1236.82,September,39
2024-09-30,CAMP_035,Google Ads,7065,234,7,518.48,1667.06,September,40
2024-10-01,CAMP_035,Google Ads,6289,209,6,461.52,1483.93,October,40
2024-10-02,CAMP_035,Google Ads,6495,215,6,476.6,1532.41,October,40
2024-10-03,CAMP_035,Google Ads,7084,235,7,519.82,1671.37,October,40
2024-10-04,CAMP_035,Google Ads,5634,187,5,413.46,1329.41,October,40
2024-10-05,CAMP_035,Google Ads,7506,249,7,550.82,1771.05,October,40
2024-10-06,CAMP_035,Google Ads,6129,203,6,449.73,1446.01,October,40
2024-10-07,CAMP_035,Google Ads,4776,158,5,350.49,1126.92,October,41
2024-10-08,CAMP_035,Google Ads,6716,223,7,492.82,1584.58,October,41
2024-10-09,CAMP_035,Google Ads,7067,234,7,518.58,1667.41,October,41
2024-06-22,CAMP_036,Google Ads,5336,258,12,257.38,1119.02,June,25
2024-06-23,CAMP_036,Google Ads,7281,352,16,351.15,1526.68,June,25
2024-06-24,CAMP_036,Google Ads,7457,360,17,359.64,1563.61,June,26
2024-06-25,CAMP_036,Google Ads,5193,251,12,250.47,1088.95,June,26
2024-06-26,CAMP_036,Google Ads,7735,374,17,373.07,1621.98,June,26
2024-06-27,CAMP_036,Google Ads,4703,227,10,226.84,986.21,June,26
2024-06-28,CAMP_036,Google Ads,4924,238,11,237.47,1032.46,June,26
2024-06-29,CAMP_036,Google Ads,4860,235,11,234.39,1019.04,June,26
2024-06-30,CAMP_036,Google Ads,7413,358,17,357.53,1554.45,June,26
2024-07-01,CAMP_036,Google Ads,6551,317,15,315.94,1373.63,July,27
2024-07-02,CAMP_036,Google Ads,4744,229,11,228.81,994.81,July,27
2024-07-03,CAMP_036,Google Ads,5781,279,13,278.82,1212.22,July,27
2024-07-04,CAMP_036,Google Ads,6410,310,14,309.18,1344.22,July,27
2024-07-05,CAMP_036,Google Ads,4497,217,10,216.9,943.03,July,27
2024-07-06,CAMP_036,Google Ads,7371,356,17,355.52,1545.71,July,27
2024-07-07,CAMP_036,Google Ads,7088,343,16,341.85,1486.26,July,27
2024-07-08,CAMP_036,Google Ads,6014,291,13,290.08,1261.17,July,28
2024-07-09,CAMP_036,Google Ads,7676,371,17,370.22,1609.62,July,28
2024-07-10,CAMP_036,Google Ads,5700,275,13,274.9,1195.2,July,28
2024-07-11,CAMP_036,Google Ads,7737,374,17,373.17,1622.43,July,28
2024-07-12,CAMP_036,Google Ads,6600,319,15,318.31,1383.91,July,28
2024-07-13,CAMP_036,Google Ads,6480,313,15,312.54,1358.83,July,28
2024-07-14,CAMP_036,Google Ads,4794,232,11,231.22,1005.26,July,28
2024-07-15,CAMP_036,Google Ads,7370,356,17,355.44,1545.35,July,29
2024-07-16,CAMP_036,Google Ads,5735,277,13,276.59,1202.54,July,29
2024-07-17,CAMP_036,Google Ads,4780,231,11,230.57,1002.45,July,29
2024-07-18,CAMP_036,Google Ads,4242,205,9,204.61,889.58,July,29
2024-08-04,CAMP_037,Facebook Ads,4908,135,3,95.54,207.86,August,31
2024-08-05,CAMP_037,Facebook Ads,4816,132,3,93.75,203.96,August,32
2024-08-06,CAMP_037,Facebook Ads,5362,147,3,104.37,227.08,August,32
2024-08-07,CAMP_037,Facebook Ads,5848,161,4,113.83,247.65,August,32
2024-08-08,CAMP_037,Facebook Ads,3543,97,2,68.96,150.03,August,32
2024-08-09,CAMP_037,Facebook Ads,5397,148,3,105.04,228.54,August,32
2024-08-10,CAMP_037,Facebook Ads,3850,106,2,74.93,163.03,August,32
2024-08-11,CAMP_037,Facebook Ads,5757,158,4,112.05,243.79,August,32
2024-08-12,CAMP_037,Facebook Ads,5646,155,4,109.89,239.08,August,33
2024-08-13,CAMP_037,Facebook Ads,4855,133,3,94.49,205.58,August,33
2024-08-14,CAMP_037,Facebook Ads,5336,147,3,103.87,225.98,August,33
2024-08-15,CAMP_037,Facebook Ads,4211,116,3,81.96,178.31,August,33
2024-08-16,CAMP_037,Facebook Ads,4657,128,3,90.64,197.19,August,33
2024-08-17,CAMP_037,Facebook Ads,5653,156,4,110.03,239.39,August,33
2024-08-18,CAMP_037,Facebook Ads,4623,127,3,89.98,195.76,August,33
2024-08-19,CAMP_037,Facebook Ads,4334,119,3,84.36,183.54,August,34
2024-08-20,CAMP_037,Facebook Ads,4722,130,3,91.91,199.97,August,34
2024-08-21,CAMP_037,Facebook Ads,5672,156,4,110.4,240.19,August,34
2024-08-22,CAMP_037,Facebook Ads,4270,117,3,83.11,180.83,August,34
2024-08-23,CAMP_037,Facebook Ads,3811,105,2,74.18,161.39,August,34
2024-08-24,CAMP_037,Facebook Ads,5341,147,3,103.96,226.19,August,34
2024-08-25,CAMP_037,Facebook Ads,5665,156,4,110.27,239.91,August,34
2024-08-26,CAMP_037,Facebook Ads,3603,99,2,70.13,152.58,August,35
2024-08-27,CAMP_037,Facebook Ads,3999,110,2,77.84,169.35,August,35
2024-08-28,CAMP_037,Facebook Ads,3721,102,2,72.42,157.56,August,35
2024-08-29,CAMP_037,Facebook Ads,4306,118,3,83.82,182.36,August,35
2024-08-30,CAMP_037,Facebook Ads,4597,126,3,89.48,194.69,August,35
2024-08-31,CAMP_037,Facebook Ads,5446,150,3,106.0,230.62,August,35
2024-09-01,CAMP_037,Facebook Ads,5168,142,3,100.6,218.86,September,35
2024-09-02,CAMP_037,Facebook Ads,5082,140,3,98.92,215.23,September,36
2024-09-03,CAMP_037,Facebook Ads,4319,119,3,84.06,182.89,September,36
2024-09-04,CAMP_037,Facebook Ads,5709,157,4,111.13,241.78,September,36
2024-09-05,CAMP_037,Facebook Ads,4657,128,3,90.64,197.21,September,36
2024-09-06,CAMP_037,Facebook Ads,6101,168,4,118.74,258.35,September,36
2024-09-07,CAMP_037,Facebook Ads,5120,141,3,99.65,216.82,September,36
2024-09-08,CAMP_037,Facebook Ads,3676,101,2,71.55,155.67,September,36
2024-09-09,CAMP_037,Facebook Ads,5240,144,3,101.98,221.88,September,37
2024-10-08,CAMP_038,Facebook Ads,2504,75,1,98.38,328.84,October,41
2024-10-09,CAMP_038,Facebook Ads,3111,93,2,122.2,408.47,October,41
2024-10-10,CAMP_038,Facebook Ads,2075,62,1,81.53,272.53,October,41
2024-10-11,CAMP_038,Facebook Ads,2252,68,1,88.47,295.73,October,41
2024-10-12,CAMP_038,Facebook Ads,3395,102,2,133.38,445.82,October,41
2024-10-13,CAMP_038,Facebook Ads,2340,70,1,91.92,307.26,October,41
2024-10-14,CAMP_038,Facebook Ads,3364,101,2,132.14,441.69,October,42
2024-10-15,CAMP_038,Facebook Ads,2427,73,1,95.36,318.74,October,42
2024-10-16,CAMP_038,Facebook Ads,3038,91,2,119.34,398.89,October,42
2024-10-17,CAMP_038,Facebook Ads,3124,94,2,122.72,410.2,October,42
2024-10-18,CAMP_038,Facebook Ads,2819,85,1,110.75,370.19,October,42
2024-10-19,CAMP_038,Facebook Ads,2471,74,1,97.08,324.48,October,42
2024-10-20,CAMP_038,Facebook Ads,2316,69,1,90.97,304.05,October,42
2024-10-21,CAMP_038,Facebook Ads,2014,60,1,79.13,264.49,October,43
2024-10-22,CAMP_038,Facebook Ads,2469,74,1,96.99,324.18,October,43
2024-10-23,CAMP_038,Facebook Ads,3055,92,2,120.02,401.16,October,43
2024-10-24,CAMP_038,Facebook Ads,3534,106,2,138.82,464.02,October,43
2024-10-25,CAMP_038,Facebook Ads,3421,103,2,134.4,449.23,October,43
2024-10-26,CAMP_038,Facebook Ads,3245,98,2,127.46,426.05,October,43
2024-10-27,CAMP_038,Facebook Ads,3282,99,2,128.94,430.98,October,43
2024-10-28,CAMP_038,Facebook Ads,3075,92,2,120.8,403.77,October,44
2024-10-29,CAMP_038,Facebook Ads,2396,72,1,94.11,314.56,October,44
2024-10-30,CAMP_038,Facebook Ads,3482,105,2,136.77,457.16,October,44
2024-10-31,CAMP_038,Facebook Ads,3085,93,2,121.18,405.03,October,44
2024-11-01,CAMP_038,Facebook Ads,2900,87,1,113.9,380.72,November,44
2024-11-02,CAMP_038,Facebook Ads,2145,64,1,84.26,281.64,November,44
2024-05-01,CAMP_039,SEO Organic,6442,298,8,0.03,0.15,May,18
2024-05-02,CAMP_039,SEO Organic,6495,301,9,0.03,0.15,May,18
2024-05-03,CAMP_039,SEO Organic,8109,376,11,0.04,0.19,May,18
2024-05-04,CAMP_039,SEO Organic,6840,317,9,0.03,0.16,May,18
2024-05-05,CAMP_039,SEO Organic,6176,286,8,0.03,0.15,May,18
2024-05-06,CAMP_039,SEO Organic,8557,397,11,0.04,0.2,May,19
2024-05-07,CAMP_039,SEO Organic,5099,236,7,0.02,0.12,May,19
2024-05-08,CAMP_039,SEO Organic,6344,294,8,0.03,0.15,May,19
2024-05-09,CAMP_039,SEO Organic,4825,223,6,0.02,0.11,May,19
2024-05-10,CAMP_039,SEO Organic,7611,353,10,0.04,0.18,May,19
2024-05-11,CAMP_039,SEO Organic,8322,386,11,0.04,0.2,May,19
2024-05-12,CAMP_039,SEO Organic,5775,267,8,0.03,0.14,May,19
2024-05-13,CAMP_039,SEO Organic,8084,375,11,0.04,0.19,May,20
2024-05-14,CAMP_039,SEO Organic,5824,270,8,0.03,0.14,May,20
2024-05-15,CAMP_039,SEO Organic,8293,384,11,0.04,0.2,May,20
2024-05-16,CAMP_039,SEO Organic,7667,355,10,0.04,0.18,May,20
2024-05-17,CAMP_039,SEO Organic,7871,365,10,0.04,0.19,May,20
2024-05-18,CAMP_039,SEO Organic,4729,219,6,0.02,0.11,May,20
2024-05-19,CAMP_039,SEO Organic,8501,394,11,0.04,0.2,May,20
2024-05-20,CAMP_039,SEO Organic,7558,350,10,0.04,0.18,May,21
2024-05-21,CAMP_039,SEO Organic,5874,272,8,0.03,0.14,May,21
2024-05-22,CAMP_039,SEO Organic,7968,369,11,0.04,0.19,May,21
2024-05-23,CAMP_039,SEO Organic,5781,268,8,0.03,0.14,May,21
2024-05-24,CAMP_039,SEO Organic,8142,377,11,0.04,0.19,May,21
2024-05-25,CAMP_039,SEO Organic,5107,236,7,0.02,0.12,May,21
2024-05-26,CAMP_039,SEO Organic,7467,346,10,0.03,0.18,May,21
2024-05-27,CAMP_039,SEO Organic,6816,316,9,0.03,0.16,May,22
2024-05-28,CAMP_039,SEO Organic,5043,233,7,0.02,0.12,May,22
2024-05-29,CAMP_039,SEO Organic,5623,260,7,0.03,0.13,May,22
2024-05-30,CAMP_039,SEO Organic,4707,218,6,0.02,0.11,May,22
2024-05-31,CAMP_039,SEO Organic,6529,302,9,0.03,0.16,May,22
2024-06-01,CAMP_039,SEO Organic,5860,271,8,0.03,0.14,June,22
2024-06-02,CAMP_039,SEO Organic,7046,326,9,0.03,0.17,June,22
2024-06-03,CAMP_039,SEO Organic,5844,271,8,0.03,0.14,June,23
2024-06-04,CAMP_039,SEO Organic,5855,271,8,0.03,0.14,June,23
2024-01-31,CAMP_040,Email,7220,1838,114,48.12,456.43,January,5
2024-02-01,CAMP_040,Email,4592,1169,72,30.61,290.32,February,5
2024-02-02,CAMP_040,Email,7824,1992,123,52.15,494.59,February,5
2024-02-03,CAMP_040,Email,7632,1943,120,50.87,482.49,February,5
2024-02-04,CAMP_040,Email,6935,1765,109,46.22,438.41,February,5
2024-02-05,CAMP_040,Email,6653,1694,105,44.34,420.59,February,6
2024-02-06,CAMP_040,Email,7784,1982,123,51.88,492.06,February,6
2024-02-07,CAMP_040,Email,5111,1301,80,34.07,323.11,February,6
2024-02-08,CAMP_040,Email,4709,1199,74,31.39,297.69,February,6
2024-02-09,CAMP_040,Email,5316,1353,84,35.43,336.06,February,6
2024-02-10,CAMP_040,Email,7414,1888,117,49.42,468.71,February,6
2024-02-11,CAMP_040,Email,4541,1156,71,30.27,287.1,February,6
2024-02-12,CAMP_040,Email,6614,1684,104,44.08,418.1,February,7
2024-02-13,CAMP_040,Email,8174,2081,129,54.48,516.71,February,7
2024-02-14,CAMP_040,Email,7645,1946,120,50.96,483.31,February,7
2024-02-15,CAMP_040,Email,6382,1625,100,42.53,403.43,February,7
2024-02-16,CAMP_040,Email,4651,1184,73,31.0,294.03,February,7
2024-02-17,CAMP_040,Email,7553,1923,119,50.34,477.5,February,7
2024-02-18,CAMP_040,Email,6675,1699,105,44.49,421.96,February,7
2024-02-19,CAMP_040,Email,4845,1233,76,32.29,306.28,February,8
2024-02-20,CAMP_040,Email,4765,1213,75,31.76,301.25,February,8
2024-02-21,CAMP_040,Email,7849,1998,124,52.32,496.2,February,8
2024-02-22,CAMP_040,Email,6940,1767,109,46.26,438.74,February,8
2024-02-23,CAMP_040,Email,7545,1921,119,50.29,477.0,February,8
2024-02-24,CAMP_040,Email,7733,1969,122,51.54,488.88,February,8
2024-02-25,CAMP_040,Email,6572,1673,103,43.8,415.46,February,8
2024-02-26,CAMP_040,Email,6367,1621,100,42.43,402.48,February,9
2024-02-27,CAMP_040,Email,6038,1537,95,40.24,381.68,February,9
2024-02-28,CAMP_040,Email,5608,1428,88,37.38,354.56,February,9
2024-02-29,CAMP_040,Email,6053,1541,95,40.35,382.68,February,9
2024-03-01,CAMP_040,Email,7336,1868,116,48.9,463.76,March,9
2024-03-02,CAMP_040,Email,6686,1702,105,44.56,422.67,March,9
2024-03-03,CAMP_040,Email,7785,1982,123,51.88,492.12,March,9
2024-03-04,CAMP_040,Email,6086,1549,96,40.57,384.78,March,10
2024-03-05,CAMP_040,Email,6705,1707,106,44.69,423.9,March,10
2024-08-20,CAMP_041,Email,5185,731,48,53.51,388.94,August,34
2024-08-21,CAMP_041,Email,5071,715,47,52.33,380.37,August,34
2024-08-22,CAMP_041,Email,5391,760,50,55.63,404.37,August,34
2024-08-23,CAMP_041,Email,4049,571,38,41.79,303.73,August,34
2024-08-24,CAMP_041,Email,4842,682,45,49.97,363.21,August,34
2024-08-25,CAMP_041,Email,3665,516,34,37.82,274.92,August,34
2024-08-26,CAMP_041,Email,4473,630,42,46.16,335.55,August,35
2024-08-27,CAMP_041,Email,4771,672,44,49.23,357.86,August,35
2024-08-28,CAMP_041,Email,5246,739,49,54.13,393.46,August,35
2024-08-29,CAMP_041,Email,6106,861,57,63.01,457.99,August,35
2024-08-30,CAMP_041,Email,5097,718,48,52.59,382.31,August,35
2024-08-31,CAMP_041,Email,5509,776,51,56.85,413.23,August,35
2024-09-01,CAMP_041,Email,4825,680,45,49.79,361.89,September,35
2024-09-02,CAMP_041,Email,5193,732,48,53.59,389.54,September,36
2024-09-03,CAMP_041,Email,3569,503,33,36.83,267.72,September,36
2024-09-04,CAMP_041,Email,4098,577,38,42.29,307.4,September,36
2024-09-05,CAMP_041,Email,4408,621,41,45.49,330.65,September,36
2024-09-06,CAMP_041,Email,4727,666,44,48.78,354.58,September,36
2024-09-07,CAMP_041,Email,3496,493,32,36.08,262.25,September,36
2024-09-08,CAMP_041,Email,3768,531,35,38.89,282.66,September,36
2024-09-09,CAMP_041,Email,4163,587,39,42.96,312.25,September,37
2024-09-10,CAMP_041,Email,6167,869,58,63.63,462.53,September,37
2024-09-11,CAMP_041,Email,4320,609,40,44.58,324.05,September,37
2024-09-12,CAMP_041,Email,4755,670,44,49.06,356.65,September,37
2024-09-13,CAMP_041,Email,3930,554,37,40.55,294.79,September,37
2024-09-14,CAMP_041,Email,5126,722,48,52.9,384.5,September,37
2024-09-15,CAMP_041,Email,4174,588,39,43.07,313.09,September,37
2024-09-16,CAMP_041,Email,3961,558,37,40.88,297.15,September,38
2024-09-17,CAMP_041,Email,4854,684,45,50.09,364.12,September,38
2024-09-18,CAMP_041,Email,3380,476,31,34.88,253.56,September,38
2024-09-19,CAMP_041,Email,3387,477,31,34.95,254.03,September,38
2024-09-20,CAMP_041,Email,3996,563,37,41.24,299.76,September,38
2024-09-21,CAMP_041,Email,3470,489,32,35.81,260.32,September,38
2024-09-22,CAMP_041,Email,3676,518,34,37.93,275.74,September,38
2024-09-23,CAMP_041,Email,4342,612,40,44.8,325.68,September,39
2024-09-24,CAMP_041,Email,5679,800,53,58.6,425.99,September,39
2024-09-25,CAMP_041,Email,5014,707,47,51.74,376.12,September,39
2024-09-26,CAMP_041,Email,4843,682,45,49.98,363.27,September,39
2024-09-27,CAMP_041,Email,4211,593,39,43.45,315.86,September,39
2024-09-28,CAMP_041,Email,6052,853,57,62.45,453.93,September,39
2024-09-29,CAMP_041,Email,4510,635,42,46.53,338.25,September,39
2024-09-30,CAMP_041,Email,3616,509,34,37.31,271.21,September,40
2024-10-01,CAMP_041,Email,5144,725,48,53.08,385.86,October,40
2024-10-02,CAMP_041,Email,3693,520,34,38.11,277.0,October,40
2024-10-03,CAMP_041,Email,4360,614,41,44.99,327.05,October,40
2024-10-04,CAMP_041,Email,4828,680,45,49.82,362.14,October,40
2024-10-05,CAMP_041,Email,5886,830,55,60.74,441.48,October,40
2024-10-06,CAMP_041,Email,4788,675,45,49.41,359.14,October,40
2024-10-07,CAMP_041,Email,5390,760,50,55.62,404.29,October,41
2024-10-08,CAMP_041,Email,6228,878,58,64.26,467.14,October,41
2024-05-31,CAMP_042,SEO Organic,9231,731,23,0.07,0.61,May,22
2024-06-01,CAMP_042,SEO Organic,10249,812,25,0.08,0.67,June,22
2024-06-02,CAMP_042,SEO Organic,11102,880,27,0.09,0.73,June,22
2024-06-03,CAMP_042,SEO Organic,11295,895,28,0.09,0.74,June,23
2024-06-04,CAMP_042,SEO Organic,11218,889,28,0.09,0.74,June,23
2024-06-05,CAMP_042,SEO Organic,14750,1169,37,0.12,0.97,June,23
2024-06-06,CAMP_042,SEO Organic,13373,1060,33,0.11,0.88,June,23
2024-06-07,CAMP_042,SEO Organic,12618,1000,31,0.1,0.83,June,23
2024-06-08,CAMP_042,SEO Organic,10496,831,26,0.08,0.69,June,23
2024-06-09,CAMP_042,SEO Organic,14154,1121,35,0.11,0.93,June,23
2024-06-10,CAMP_042,SEO Organic,15087,1195,37,0.12,0.99,June,24
2024-06-11,CAMP_042,SEO Organic,14135,1120,35,0.11,0.93,June,24
2024-06-12,CAMP_042,SEO Organic,8307,658,20,0.07,0.54,June,24
2024-06-13,CAMP_042,SEO Organic,12821,1016,32,0.1,0.84,June,24
2024-06-14,CAMP_042,SEO Organic,8659,686,21,0.07,0.57,June,24
2024-06-15,CAMP_042,SEO Organic,10128,802,25,0.08,0.66,June,24
2024-06-16,CAMP_042,SEO Organic,8719,691,21,0.07,0.57,June,24
2024-06-17,CAMP_042,SEO Organic,12589,997,31,0.1,0.83,June,25
2024-06-18,CAMP_042,SEO Organic,13178,1044,33,0.1,0.86,June,25
2024-06-19,CAMP_042,SEO Organic,9110,722,22,0.07,0.6,June,25
2024-06-20,CAMP_042,SEO Organic,11025,873,27,0.09,0.72,June,25
2024-06-21,CAMP_042,SEO Organic,11540,914,28,0.09,0.76,June,25
2024-06-22,CAMP_042,SEO Organic,10920,865,27,0.09,0.72,June,25
2024-06-23,CAMP_042,SEO Organic,9156,725,23,0.07,0.6,June,25
2024-06-24,CAMP_042,SEO Organic,11275,893,28,0.09,0.74,June,26
2024-06-25,CAMP_042,SEO Organic,13637,1081,34,0.11,0.89,June,26
2024-06-26,CAMP_042,SEO Organic,8801,697,22,0.07,0.58,June,26
2024-06-27,CAMP_042,SEO Organic,8866,702,22,0.07,0.58,June,26
2024-06-28,CAMP_042,SEO Organic,10818,857,27,0.09,0.71,June,26
2024-06-29,CAMP_042,SEO Organic,14992,1188,37,0.12,0.98,June,26
2024-06-30,CAMP_042,SEO Organic,13050,1034,32,0.1,0.86,June,26
2024-07-01,CAMP_042,SEO Organic,13122,1040,32,0.1,0.86,July,27
2024-07-02,CAMP_042,SEO Organic,10869,861,27,0.09,0.71,July,27
2024-07-03,CAMP_042,SEO Organic,12517,992,31,0.1,0.82,July,27
2024-07-04,CAMP_042,SEO Organic,8368,663,21,0.07,0.55,July,27
2024-07-05,CAMP_042,SEO Organic,12819,1016,32,0.1,0.84,July,27
2024-07-06,CAMP_042,SEO Organic,14790,1172,37,0.12,0.97,July,27
2024-07-07,CAMP_042,SEO Organic,12652,1002,31,0.1,0.83,July,27
2024-07-08,CAMP_042,SEO Organic,14509,1150,36,0.11,0.95,July,28
2024-07-09,CAMP_042,SEO Organic,13444,1065,33,0.11,0.88,July,28
2024-07-10,CAMP_042,SEO Organic,9153,725,23,0.07,0.6,July,28
2024-06-09,CAMP_043,SEO Organic,4289,236,4,0.02,0.12,June,23
2024-06-10,CAMP_043,SEO Organic,2556,140,2,0.01,0.07,June,24
2024-06-11,CAMP_043,SEO Organic,3525,194,4,0.02,0.1,June,24
2024-06-12,CAMP_043,SEO Organic,2713,149,3,0.01,0.08,June,24
2024-06-13,CAMP_043,SEO Organic,2443,134,2,0.01,0.07,June,24
2024-06-14,CAMP_043,SEO Organic,3293,181,3,0.02,0.09,June,24
2024-06-15,CAMP_043,SEO Organic,3030,166,3,0.02,0.08,June,24
2024-06-16,CAMP_043,SEO Organic,3426,188,3,0.02,0.09,June,24
2024-06-17,CAMP_043,SEO Organic,3615,199,4,0.02,0.1,June,25
2024-06-18,CAMP_043,SEO Organic,2509,138,2,0.01,0.07,June,25
2024-06-19,CAMP_043,SEO Organic,2673,147,3,0.01,0.07,June,25
2024-06-20,CAMP_043,SEO Organic,3577,197,4,0.02,0.1,June,25
2024-06-21,CAMP_043,SEO Organic,3130,172,3,0.02,0.09,June,25
2024-06-22,CAMP_043,SEO Organic,3930,216,4,0.02,0.11,June,25
2024-06-23,CAMP_043,SEO Organic,3771,207,4,0.02,0.1,June,25
2024-06-24,CAMP_043,SEO Organic,4171,229,4,0.02,0.12,June,26
2024-06-25,CAMP_043,SEO Organic,3854,212,4,0.02,0.11,June,26
2024-06-26,CAMP_043,SEO Organic,3310,182,3,0.02,0.09,June,26
2024-06-27,CAMP_043,SEO Organic,3814,210,4,0.02,0.11,June,26
2024-06-28,CAMP_043,SEO Organic,2989,164,3,0.02,0.08,June,26
2024-06-29,CAMP_043,SEO Organic,3053,168,3,0.02,0.08,June,26
2024-09-28,CAMP_044,Email,2608,461,27,25.63,249.66,September,39
2024-09-29,CAMP_044,Email,2151,380,22,21.14,205.92,September,39
2024-09-30,CAMP_044,Email,2621,463,27,25.75,250.86,September,40
2024-10-01,CAMP_044,Email,2653,469,28,26.07,253.92,October,40
2024-10-02,CAMP_044,Email,2700,477,28,26.53,258.41,October,40
2024-10-03,CAMP_044,Email,2779,491,29,27.3,265.95,October,40
2024-10-04,CAMP_044,Email,2131,377,22,20.94,203.95,October,40
2024-10-05,CAMP_044,Email,1981,350,21,19.47,189.64,October,40
2024-10-06,CAMP_044,Email,2333,412,24,22.92,223.26,October,40
2024-10-07,CAMP_044,Email,2051,362,21,20.15,196.32,October,41
2024-10-08,CAMP_044,Email,2358,417,25,23.17,225.67,October,41
2024-10-09,CAMP_044,Email,2497,441,26,24.54,239.01,October,41
2024-10-10,CAMP_044,Email,2474,437,26,24.31,236.82,October,41
2024-10-11,CAMP_044,Email,2056,363,21,20.2,196.75,October,41
2024-10-12,CAMP_044,Email,1778,314,18,17.48,170.24,October,41
2024-10-13,CAMP_044,Email,2130,376,22,20.93,203.9,October,41
2024-10-14,CAMP_044,Email,1746,308,18,17.16,167.14,October,42
2024-10-15,CAMP_044,Email,2743,485,29,26.96,262.56,October,42
2024-10-16,CAMP_044,Email,2017,356,21,19.82,193.09,October,42
2024-10-17,CAMP_044,Email,1762,311,18,17.31,168.65,October,42
2024-10-18,CAMP_044,Email,1590,281,16,15.62,152.18,October,42
2024-10-19,CAMP_044,Email,2417,427,25,23.75,231.38,October,42
2024-10-20,CAMP_044,Email,2406,425,25,23.64,230.24,October,42
2024-10-21,CAMP_044,Email,2010,355,21,19.75,192.42,October,43
2024-10-22,CAMP_044,Email,1652,292,17,16.23,158.09,October,43
2024-10-23,CAMP_044,Email,2102,371,22,20.66,201.23,October,43
2024-10-24,CAMP_044,Email,1971,348,20,19.37,188.66,October,43
2024-10-25,CAMP_044,Email,2459,435,26,24.16,235.38,October,43
2024-10-26,CAMP_044,Email,2364,418,25,23.23,226.27,October,43
2024-10-27,CAMP_044,Email,2042,361,21,20.07,195.48,October,43
2024-10-28,CAMP_044,Email,1847,326,19,18.15,176.75,October,44
2024-10-29,CAMP_044,Email,2874,508,30,28.24,275.07,October,44
2024-10-30,CAMP_044,Email,2162,382,22,21.24,206.89,October,44
2024-10-31,CAMP_044,Email,2474,437,26,24.31,236.8,October,44
2024-02-05,CAMP_045,SEO Organic,702,42,1,0.0,0.04,February,6
2024-02-06,CAMP_045,SEO Organic,887,53,2,0.01,0.05,February,6
2024-02-07,CAMP_045,SEO Organic,641,38,1,0.0,0.04,February,6
2024-02-08,CAMP_045,SEO Organic,898,54,2,0.01,0.05,February,6
2024-02-09,CAMP_045,SEO Organic,1144,68,2,0.01,0.06,February,6
2024-02-10,CAMP_045,SEO Organic,833,50,2,0.01,0.05,February,6
2024-02-11,CAMP_045,SEO Organic,647,39,1,0.0,0.04,February,6
2024-02-12,CAMP_045,SEO Organic,643,38,1,0.0,0.04,February,7
2024-02-13,CAMP_045,SEO Organic,835,50,2,0.01,0.05,February,7
2024-02-14,CAMP_045,SEO Organic,712,42,1,0.0,0.04,February,7
2024-02-15,CAMP_045,SEO Organic,639,38,1,0.0,0.04,February,7
2024-02-16,CAMP_045,SEO Organic,1032,62,2,0.01,0.06,February,7
2024-02-17,CAMP_045,SEO Organic,873,52,2,0.01,0.05,February,7
2024-02-18,CAMP_045,SEO Organic,782,47,1,0.0,0.04,February,7
2024-02-19,CAMP_045,SEO Organic,1110,66,2,0.01,0.06,February,8
2024-02-20,CAMP_045,SEO Organic,689,41,1,0.0,0.04,February,8
2024-02-21,CAMP_045,SEO Organic,1140,68,2,0.01,0.06,February,8
2024-02-22,CAMP_045,SEO Organic,795,47,1,0.0,0.04,February,8
2024-02-23,CAMP_045,SEO Organic,1104,66,2,0.01,0.06,February,8
2024-02-24,CAMP_045,SEO Organic,950,57,2,0.01,0.05,February,8
2024-02-25,CAMP_045,SEO Organic,1070,64,2,0.01,0.06,February,8
2024-02-26,CAMP_045,SEO Organic,1155,69,2,0.01,0.07,February,9
2024-02-27,CAMP_045,SEO Organic,781,47,1,0.0,0.04,February,9
2024-02-28,CAMP_045,SEO Organic,1143,68,2,0.01,0.06,February,9
2024-02-29,CAMP_045,SEO Organic,835,50,2,0.01,0.05,February,9
2024-03-01,CAMP_045,SEO Organic,833,50,2,0.01,0.05,March,9
2024-03-02,CAMP_045,SEO Organic,809,48,1,0.0,0.05,March,9
2024-03-03,CAMP_045,SEO Organic,917,55,2,0.01,0.05,March,9
2024-03-04,CAMP_045,SEO Organic,709,42,1,0.0,0.04,March,10
2024-03-05,CAMP_045,SEO Organic,924,55,2,0.01,0.05,March,10
2024-03-06,CAMP_045,SEO Organic,917,55,2,0.01,0.05,March,10
2024-03-07,CAMP_045,SEO Organic,1036,62,2,0.01,0.06,March,10
2024-03-08,CAMP_045,SEO Organic,1074,64,2,0.01,0.06,March,10
2024-03-09,CAMP_045,SEO Organic,863,52,2,0.01,0.05,March,10
2024-03-10,CAMP_045,SEO Organic,789,47,1,0.0,0.04,March,10
2024-03-11,CAMP_045,SEO Organic,766,46,1,0.0,0.04,March,11
2024-03-12,CAMP_045,SEO Organic,731,44,1,0.0,0.04,March,11
2024-03-13,CAMP_045,SEO Organic,657,39,1,0.0,0.04,March,11
2024-03-14,CAMP_045,SEO Organic,810,48,2,0.0,0.05,March,11
2024-03-15,CAMP_045,SEO Organic,771,46,1,0.0,0.04,March,11
2024-03-16,CAMP_045,SEO Organic,1145,69,2,0.01,0.06,March,11
2024-03-17,CAMP_045,SEO Organic,926,55,2,0.01,0.05,March,11
2024-03-18,CAMP_045,SEO Organic,813,49,2,0.0,0.05,March,12
2024-03-19,CAMP_045,SEO Organic,938,56,2,0.01,0.05,March,12
2024-03-20,CAMP_045,SEO Organic,701,42,1,0.0,0.04,March,12
2024-03-21,CAMP_045,SEO Organic,865,52,2,0.01,0.05,March,12
2024-03-22,CAMP_045,SEO Organic,963,58,2,0.01,0.05,March,12
2024-03-23,CAMP_045,SEO Organic,889,53,2,0.01,0.05,March,12
2024-03-24,CAMP_045,SEO Organic,842,50,2,0.01,0.05,March,12
2024-03-25,CAMP_045,SEO Organic,1160,69,2,0.01,0.07,March,13
2024-03-26,CAMP_045,SEO Organic,1099,66,2,0.01,0.06,March,13
2024-03-27,CAMP_045,SEO Organic,961,57,2,0.01,0.05,March,13
2024-03-28,CAMP_045,SEO Organic,932,56,2,0.01,0.05,March,13
2024-03-29,CAMP_045,SEO Organic,960,57,2,0.01,0.05,March,13
2024-03-30,CAMP_045,SEO Organic,734,44,1,0.0,0.04,March,13
2024-03-31,CAMP_045,SEO Organic,839,50,2,0.01,0.05,March,13
2024-04-01,CAMP_045,SEO Organic,647,39,1,0.0,0.04,April,14
2024-04-02,CAMP_045,SEO Organic,882,53,2,0.01,0.05,April,14
2024-04-03,CAMP_045,SEO Organic,918,55,2,0.01,0.05,April,14
2024-04-04,CAMP_045,SEO Organic,749,45,1,0.0,0.04,April,14
2024-04-05,CAMP_045,SEO Organic,1144,68,2,0.01,0.06,April,14
2024-04-06,CAMP_045,SEO Organic,1115,67,2,0.01,0.06,April,14
2024-04-07,CAMP_045,SEO Organic,1014,61,2,0.01,0.06,April,14
2024-04-08,CAMP_045,SEO Organic,913,55,2,0.01,0.05,April,15
2024-04-09,CAMP_045,SEO Organic,1094,65,2,0.01,0.06,April,15
2024-04-10,CAMP_045,SEO Organic,696,41,1,0.0,0.04,April,15
2024-04-11,CAMP_045,SEO Organic,1051,63,2,0.01,0.06,April,15
2024-04-12,CAMP_045,SEO Organic,693,41,1,0.0,0.04,April,15
2024-04-13,CAMP_045,SEO Organic,1053,63,2,0.01,0.06,April,15
2024-04-14,CAMP_045,SEO Organic,774,46,1,0.0,0.04,April,15
2024-04-15,CAMP_045,SEO Organic,1097,66,2,0.01,0.06,April,16
2024-04-16,CAMP_045,SEO Organic,1133,68,2,0.01,0.06,April,16
2024-04-17,CAMP_045,SEO Organic,706,42,1,0.0,0.04,April,16
2024-04-18,CAMP_045,SEO Organic,875,52,2,0.01,0.05,April,16
2024-04-19,CAMP_045,SEO Organic,1153,69,2,0.01,0.07,April,16
2024-04-20,CAMP_045,SEO Organic,886,53,2,0.01,0.05,April,16
2024-04-21,CAMP_045,SEO Organic,1090,65,2,0.01,0.06,April,16
2024-04-22,CAMP_045,SEO Organic,943,56,2,0.01,0.05,April,17
2024-04-23,CAMP_045,SEO Organic,828,49,2,0.01,0.05,April,17
2024-04-24,CAMP_045,SEO Organic,780,47,1,0.0,0.04,April,17
2024-04-25,CAMP_045,SEO Organic,735,44,1,0.0,0.04,April,17
2024-04-26,CAMP_045,SEO Organic,1035,62,2,0.01,0.06,April,17
2024-04-27,CAMP_045,SEO Organic,834,50,2,0.01,0.05,April,17
2024-04-28,CAMP_045,SEO Organic,901,54,2,0.01,0.05,April,17
2024-04-29,CAMP_045,SEO Organic,891,53,2,0.01,0.05,April,18
2024-04-30,CAMP_045,SEO Organic,936,56,2,0.01,0.05,April,18
2024-05-01,CAMP_045,SEO Organic,1091,65,2,0.01,0.06,May,18
2024-05-02,CAMP_045,SEO Organic,1153,69,2,0.01,0.06,May,18
2024-05-03,CAMP_045,SEO Organic,845,50,2,0.01,0.05,May,18
2024-05-04,CAMP_045,SEO Organic,1071,64,2,0.01,0.06,May,18
2024-10-18,CAMP_046,Facebook Ads,7995,249,3,192.83,662.9,October,42
2024-10-19,CAMP_046,Facebook Ads,7204,225,2,173.76,597.34,October,42
2024-10-20,CAMP_046,Facebook Ads,8788,274,3,211.95,728.64,October,42
2024-10-21,CAMP_046,Facebook Ads,5660,176,2,136.51,469.28,October,43
2024-10-22,CAMP_046,Facebook Ads,5282,165,2,127.4,437.98,October,43
2024-10-23,CAMP_046,Facebook Ads,8365,261,3,201.76,693.6,October,43
2024-10-24,CAMP_046,Facebook Ads,6648,207,2,160.34,551.21,October,43
2024-10-25,CAMP_046,Facebook Ads,8336,260,3,201.06,691.2,October,43
2024-10-26,CAMP_046,Facebook Ads,8527,266,3,205.67,707.03,October,43
2024-10-27,CAMP_046,Facebook Ads,5088,159,2,122.73,421.91,October,43
2024-10-28,CAMP_046,Facebook Ads,8487,265,3,204.71,703.73,October,44
2024-10-29,CAMP_046,Facebook Ads,6686,208,2,161.26,554.36,October,44
2024-10-30,CAMP_046,Facebook Ads,6943,217,2,167.46,575.68,October,44
2024-10-31,CAMP_046,Facebook Ads,7424,232,3,179.06,615.55,October,44
2024-11-01,CAMP_046,Facebook Ads,8665,270,3,208.99,718.46,November,44
2024-11-02,CAMP_046,Facebook Ads,4909,153,2,118.4,407.03,November,44
2024-11-03,CAMP_046,Facebook Ads,6804,212,2,164.11,564.15,November,44
2024-11-04,CAMP_046,Facebook Ads,7677,239,3,185.16,636.54,November,45
2024-11-05,CAMP_046,Facebook Ads,7822,244,3,188.66,648.55,November,45
2024-11-06,CAMP_046,Facebook Ads,7697,240,3,185.64,638.19,November,45
2024-11-07,CAMP_046,Facebook Ads,5386,168,2,129.92,446.62,November,45
2024-11-08,CAMP_046,Facebook Ads,6069,189,2,146.39,503.24,November,45
2024-11-09,CAMP_046,Facebook Ads,6315,197,2,152.31,523.6,November,45
2024-11-10,CAMP_046,Facebook Ads,8160,255,3,196.82,676.6,November,45
2024-11-11,CAMP_046,Facebook Ads,5984,187,2,144.33,496.16,November,46
2024-11-12,CAMP_046,Facebook Ads,5702,178,2,137.53,472.8,November,46
2024-11-13,CAMP_046,Facebook Ads,8794,274,3,212.09,729.12,November,46
2024-11-14,CAMP_046,Facebook Ads,4866,152,1,117.38,403.51,November,46
2024-11-15,CAMP_046,Facebook Ads,8961,280,3,216.13,742.98,November,46
2024-11-16,CAMP_046,Facebook Ads,7632,238,3,184.07,632.8,November,46
2024-11-17,CAMP_046,Facebook Ads,8260,258,3,199.22,684.85,November,46
2024-11-18,CAMP_046,Facebook Ads,6049,189,2,145.91,501.6,November,47
2024-11-19,CAMP_046,Facebook Ads,4889,152,1,117.92,405.38,November,47
2024-11-20,CAMP_046,Facebook Ads,7885,246,3,190.17,653.75,November,47
2024-11-21,CAMP_046,Facebook Ads,8283,258,3,199.78,686.8,November,47
2024-11-22,CAMP_046,Facebook Ads,7895,246,3,190.43,654.65,November,47
2024-11-23,CAMP_046,Facebook Ads,5421,169,2,130.76,449.5,November,47
2024-11-24,CAMP_046,Facebook Ads,7949,248,3,191.72,659.09,November,47
2024-11-25,CAMP_046,Facebook Ads,8013,250,3,193.27,664.41,November,48
2024-11-26,CAMP_046,Facebook Ads,7556,236,3,182.25,626.52,November,48
2024-11-27,CAMP_046,Facebook Ads,8002,250,3,192.99,663.45,November,48
2024-11-28,CAMP_046,Facebook Ads,8332,260,3,200.96,690.84,November,48
2024-11-29,CAMP_046,Facebook Ads,7370,230,3,177.76,611.1,November,48
2024-11-30,CAMP_046,Facebook Ads,5197,162,2,125.34,430.88,November,48
2024-12-01,CAMP_046,Facebook Ads,6849,214,2,165.18,567.85,December,48
2024-10-25,CAMP_047,Google Ads,3178,132,5,269.61,1116.65,October,43
2024-10-26,CAMP_047,Google Ads,4021,167,7,341.09,1412.69,October,43
2024-10-27,CAMP_047,Google Ads,4020,167,7,340.99,1412.3,October,43
2024-10-28,CAMP_047,Google Ads,3148,131,5,267.09,1106.2,October,44
2024-10-29,CAMP_047,Google Ads,3871,161,6,328.36,1360.0,October,44
2024-10-30,CAMP_047,Google Ads,3263,135,5,276.83,1146.57,October,44
2024-10-31,CAMP_047,Google Ads,5044,210,8,427.91,1772.27,October,44
2024-11-01,CAMP_047,Google Ads,5401,224,9,458.12,1897.42,November,44
2024-11-02,CAMP_047,Google Ads,3164,131,5,268.45,1111.86,November,44
2024-11-03,CAMP_047,Google Ads,5420,225,9,459.73,1904.08,November,44
2024-11-04,CAMP_047,Google Ads,4315,179,7,366.01,1515.92,November,45
2024-11-05,CAMP_047,Google Ads,3745,155,6,317.69,1315.79,November,45
2024-11-06,CAMP_047,Google Ads,3176,132,5,269.44,1115.94,November,45
2024-11-07,CAMP_047,Google Ads,4259,177,7,361.26,1496.22,November,45
2024-11-08,CAMP_047,Google Ads,5009,208,8,424.93,1759.96,November,45
2024-11-09,CAMP_047,Google Ads,4786,199,8,405.99,1681.5,November,45
2024-11-10,CAMP_047,Google Ads,3108,129,5,263.67,1092.04,November,45
2024-11-11,CAMP_047,Google Ads,3166,131,5,268.58,1112.39,November,46
2024-11-12,CAMP_047,Google Ads,4009,166,7,340.08,1408.5,November,46
2024-11-13,CAMP_047,Google Ads,3734,155,6,316.77,1311.96,November,46
2024-11-14,CAMP_047,Google Ads,3573,148,6,303.14,1255.51,November,46
2024-11-15,CAMP_047,Google Ads,3698,154,6,313.67,1299.14,November,46
2024-11-16,CAMP_047,Google Ads,5032,209,8,426.88,1768.01,November,46
2024-11-17,CAMP_047,Google Ads,5353,222,9,454.12,1880.85,November,46
2024-11-18,CAMP_047,Google Ads,4015,167,7,340.56,1410.5,November,47
2024-11-19,CAMP_047,Google Ads,5294,220,9,449.11,1860.11,November,47
2024-11-20,CAMP_047,Google Ads,3801,158,6,322.44,1335.47,November,47
2024-11-21,CAMP_047,Google Ads,4197,174,7,356.01,1474.52,November,47
2024-11-22,CAMP_047,Google Ads,3557,148,6,301.76,1249.8,November,47
2024-11-23,CAMP_047,Google Ads,4616,192,8,391.56,1621.73,November,47
2024-11-24,CAMP_047,Google Ads,5481,228,9,464.9,1925.5,November,47
2024-11-25,CAMP_047,Google Ads,4521,188,7,383.54,1588.54,November,48
2024-11-26,CAMP_047,Google Ads,3894,162,6,330.31,1368.07,November,48
2024-11-27,CAMP_047,Google Ads,4635,193,8,393.15,1628.31,November,48
2024-11-28,CAMP_047,Google Ads,3294,137,5,279.42,1157.27,November,48
2024-11-29,CAMP_047,Google Ads,5250,218,9,445.33,1844.45,November,48
2024-11-30,CAMP_047,Google Ads,4265,177,7,361.79,1498.43,November,48
2024-12-01,CAMP_047,Google Ads,4128,171,7,350.15,1450.21,December,48
2024-12-02,CAMP_047,Google Ads,4476,186,7,379.72,1572.72,December,49
2024-12-03,CAMP_047,Google Ads,4576,190,8,388.16,1607.64,December,49
2024-12-04,CAMP_047,Google Ads,3163,131,5,268.34,1111.38,December,49
2024-12-05,CAMP_047,Google Ads,4723,196,8,400.69,1659.54,December,49
2024-12-06,CAMP_047,Google Ads,3598,149,6,305.2,1264.07,December,49
2024-12-07,CAMP_047,Google Ads,4804,200,8,407.48,1687.66,December,49
2024-12-08,CAMP_047,Google Ads,5081,211,8,431.0,1785.11,December,49
2024-12-09,CAMP_047,Google Ads,5033,209,8,426.98,1768.44,December,50
2024-12-10,CAMP_047,Google Ads,4391,182,7,372.5,1542.78,December,50
2024-12-11,CAMP_047,Google Ads,4309,179,7,365.49,1513.76,December,50
2024-12-12,CAMP_047,Google Ads,3345,139,5,283.74,1175.18,December,50
2024-12-13,CAMP_047,Google Ads,4960,206,8,420.78,1742.76,December,50
2024-12-14,CAMP_047,Google Ads,3673,152,6,311.59,1290.53,December,50
2024-12-15,CAMP_047,Google Ads,4249,176,7,360.4,1492.7,December,50
2024-12-16,CAMP_047,Google Ads,3706,154,6,314.38,1302.07,December,51
2024-12-17,CAMP_047,Google Ads,3322,138,5,281.78,1167.06,December,51
2024-12-18,CAMP_047,Google Ads,4588,191,8,389.19,1611.93,December,51
2024-12-19,CAMP_047,Google Ads,3119,129,5,264.56,1095.72,December,51
2024-12-20,CAMP_047,Google Ads,4892,203,8,414.99,1718.8,December,51
2024-12-21,CAMP_047,Google Ads,3791,157,6,321.6,1331.97,December,51
2024-12-22,CAMP_047,Google Ads,2980,124,5,252.81,1047.09,December,51
2024-12-23,CAMP_047,Google Ads,4285,178,7,363.53,1505.65,December,52
2024-12-24,CAMP_047,Google Ads,3099,129,5,262.94,1089.01,December,52
2024-12-25,CAMP_047,Google Ads,3685,153,6,312.62,1294.8,December,52
2024-12-26,CAMP_047,Google Ads,4786,199,8,405.97,1681.4,December,52
2024-12-27,CAMP_047,Google Ads,3140,130,5,266.37,1103.22,December,52
2024-12-28,CAMP_047,Google Ads,5124,213,8,434.64,1800.19,December,52
2024-12-29,CAMP_047,Google Ads,2990,124,5,253.61,1050.39,December,52
2024-12-30,CAMP_047,Google Ads,3610,150,6,306.26,1268.46,December,1
2024-06-09,CAMP_048,Instagram Ads,4409,87,0,82.56,273.58,June,23
2024-06-10,CAMP_048,Instagram Ads,3428,68,0,64.18,212.68,June,24
2024-06-11,CAMP_048,Instagram Ads,2932,58,0,54.9,181.93,June,24
2024-06-12,CAMP_048,Instagram Ads,3529,70,0,66.08,218.98,June,24
2024-06-13,CAMP_048,Instagram Ads,3322,65,0,62.19,206.1,June,24
2024-06-14,CAMP_048,Instagram Ads,4645,92,0,86.96,288.18,June,24
2024-06-15,CAMP_048,Instagram Ads,3421,67,0,64.05,212.26,June,24
2024-06-16,CAMP_048,Instagram Ads,4520,89,0,84.63,280.47,June,24
2024-06-17,CAMP_048,Instagram Ads,4758,94,0,89.09,295.23,June,25
2024-06-18,CAMP_048,Instagram Ads,3699,73,0,69.27,229.54,June,25
2024-06-19,CAMP_048,Instagram Ads,4800,95,0,89.87,297.82,June,25
2024-06-20,CAMP_048,Instagram Ads,3569,70,0,66.82,221.43,June,25
2024-06-21,CAMP_048,Instagram Ads,4925,97,0,92.21,305.58,June,25
2024-06-22,CAMP_048,Instagram Ads,2903,57,0,54.36,180.13,June,25
2024-06-23,CAMP_048,Instagram Ads,4285,85,0,80.22,265.85,June,25
2024-06-24,CAMP_048,Instagram Ads,3838,76,0,71.86,238.14,June,26
2024-06-25,CAMP_048,Instagram Ads,3593,71,0,67.27,222.91,June,26
2024-06-26,CAMP_048,Instagram Ads,4159,82,0,77.87,258.06,June,26
2024-06-27,CAMP_048,Instagram Ads,4324,85,0,80.95,268.26,June,26
2024-06-28,CAMP_048,Instagram Ads,2707,53,0,50.68,167.95,June,26
2024-06-29,CAMP_048,Instagram Ads,3082,61,0,57.72,191.26,June,26
2024-06-30,CAMP_048,Instagram Ads,4345,86,0,81.35,269.58,June,26
2024-07-01,CAMP_048,Instagram Ads,4237,84,0,79.33,262.89,July,27
2024-07-02,CAMP_048,Instagram Ads,4930,97,0,92.3,305.87,July,27
2024-07-03,CAMP_048,Instagram Ads,4456,88,0,83.43,276.47,July,27
2024-07-04,CAMP_048,Instagram Ads,4894,97,0,91.64,303.68,July,27
2024-07-05,CAMP_048,Instagram Ads,4321,85,0,80.9,268.08,July,27
2024-07-06,CAMP_048,Instagram Ads,3386,67,0,63.39,210.07,July,27
2024-07-07,CAMP_048,Instagram Ads,2940,58,0,55.05,182.43,July,27
2024-07-08,CAMP_048,Instagram Ads,4504,89,0,84.33,279.45,July,28
2024-07-09,CAMP_048,Instagram Ads,4186,83,0,78.37,259.7,July,28
2024-07-10,CAMP_048,Instagram Ads,2808,55,0,52.58,174.23,July,28
2024-07-11,CAMP_048,Instagram Ads,3529,70,0,66.07,218.96,July,28
2024-07-12,CAMP_048,Instagram Ads,4908,97,0,91.9,304.54,July,28
2024-07-13,CAMP_048,Instagram Ads,3853,76,0,72.15,239.09,July,28
2024-07-14,CAMP_048,Instagram Ads,3697,73,0,69.22,229.38,July,28
2024-07-15,CAMP_048,Instagram Ads,3755,74,0,70.3,232.96,July,29
2024-07-16,CAMP_048,Instagram Ads,3179,63,0,59.53,197.28,July,29
2024-07-17,CAMP_048,Instagram Ads,3549,70,0,66.45,220.2,July,29
2024-07-18,CAMP_048,Instagram Ads,3551,70,0,66.5,220.36,July,29
2024-07-19,CAMP_048,Instagram Ads,2818,55,0,52.76,174.83,July,29
2024-07-20,CAMP_048,Instagram Ads,4471,88,0,83.71,277.4,July,29
2024-07-21,CAMP_048,Instagram Ads,3659,72,0,68.52,227.05,July,29
2024-07-22,CAMP_048,Instagram Ads,4597,91,0,86.07,285.23,July,30
2024-02-07,CAMP_049,Facebook Ads,20672,561,5,712.13,2399.68,February,6
2024-02-08,CAMP_049,Facebook Ads,14130,383,3,486.75,1640.22,February,6
2024-02-09,CAMP_049,Facebook Ads,18694,507,5,643.99,2170.07,February,6
2024-02-10,CAMP_049,Facebook Ads,16797,455,4,578.65,1949.88,February,6
2024-02-11,CAMP_049,Facebook Ads,20978,569,5,722.65,2435.14,February,6
2024-02-12,CAMP_049,Facebook Ads,14168,384,3,488.07,1644.67,February,7
2024-02-13,CAMP_049,Facebook Ads,18904,513,5,651.21,2194.41,February,7
2024-02-14,CAMP_049,Facebook Ads,18186,493,4,626.48,2111.06,February,7
2024-02-15,CAMP_049,Facebook Ads,14983,406,4,516.16,1739.33,February,7
2024-02-16,CAMP_049,Facebook Ads,13357,362,3,460.13,1550.52,February,7
2024-02-17,CAMP_049,Facebook Ads,18636,505,5,641.97,2163.27,February,7
2024-02-18,CAMP_049,Facebook Ads,19527,529,5,672.67,2266.72,February,7
2024-02-19,CAMP_049,Facebook Ads,15192,412,4,523.34,1763.51,February,8
2024-02-20,CAMP_049,Facebook Ads,18566,503,4,639.57,2155.17,February,8
2024-02-21,CAMP_049,Facebook Ads,16007,434,4,551.41,1858.1,February,8
2024-04-19,CAMP_050,SEO Organic,2448,103,3,0.01,0.05,April,16
2024-04-20,CAMP_050,SEO Organic,1779,75,2,0.01,0.03,April,16
2024-04-21,CAMP_050,SEO Organic,2679,113,3,0.01,0.05,April,16
2024-04-22,CAMP_050,SEO Organic,1894,80,2,0.01,0.04,April,17
2024-04-23,CAMP_050,SEO Organic,1998,84,2,0.01,0.04,April,17
2024-04-24,CAMP_050,SEO Organic,1595,67,1,0.01,0.03,April,17
2024-04-25,CAMP_050,SEO Organic,1664,70,2,0.01,0.03,April,17
2024-04-26,CAMP_050,SEO Organic,2191,92,2,0.01,0.04,April,17
2024-04-27,CAMP_050,SEO Organic,1868,79,2,0.01,0.04,April,17
2024-04-28,CAMP_050,SEO Organic,2608,110,3,0.01,0.05,April,17
2024-04-29,CAMP_050,SEO Organic,1538,65,1,0.01,0.03,April,18
2024-04-30,CAMP_050,SEO Organic,2013,85,2,0.01,0.04,April,18
2024-05-01,CAMP_050,SEO Organic,1959,82,2,0.01,0.04,May,18
2024-05-02,CAMP_050,SEO Organic,1544,65,1,0.01,0.03,May,18
2024-05-03,CAMP_050,SEO Organic,1681,71,2,0.01,0.03,May,18
2024-05-04,CAMP_050,SEO Organic,2058,87,2,0.01,0.04,May,18
2024-05-05,CAMP_050,SEO Organic,2161,91,2,0.01,0.04,May,18
2024-05-06,CAMP_050,SEO Organic,2046,86,2,0.01,0.04,May,19
2024-05-07,CAMP_050,SEO Organic,2211,93,2,0.01,0.04,May,19
2024-05-08,CAMP_050,SEO Organic,2294,97,2,0.01,0.05,May,19
2024-05-09,CAMP_050,SEO Organic,1532,64,1,0.01,0.03,May,19
2024-05-10,CAMP_050,SEO Organic,2124,89,2,0.01,0.04,May,19
2024-05-11,CAMP_050,SEO Organic,2774,117,3,0.01,0.05,May,19
2024-05-12,CAMP_050,SEO Organic,2195,92,2,0.01,0.04,May,19
2024-05-13,CAMP_050,SEO Organic,2402,101,2,0.01,0.05,May,20
2024-05-14,CAMP_050,SEO Organic,1925,81,2,0.01,0.04,May,20
2024-05-15,CAMP_050,SEO Organic,2527,106,3,0.01,0.05,May,20
2024-05-16,CAMP_050,SEO Organic,2526,106,3,0.01,0.05,May,20
2024-05-17,CAMP_050,SEO Organic,2198,93,2,0.01,0.04,May,20
2024-05-18,CAMP_050,SEO Organic,2791,118,3,0.01,0.05,May,20
2024-05-19,CAMP_050,SEO Organic,1683,71,2,0.01,0.03,May,20
2024-05-20,CAMP_050,SEO Organic,1541,65,1,0.01,0.03,May,21
2024-05-21,CAMP_050,SEO Organic,2522,106,3,0.01,0.05,May,21
2024-05-22,CAMP_050,SEO Organic,2571,108,3,0.01,0.05,May,21
2024-05-23,CAMP_050,SEO Organic,1676,70,2,0.01,0.03,May,21
2024-05-24,CAMP_050,SEO Organic,1865,78,2,0.01,0.04,May,21
2024-05-25,CAMP_050,SEO Organic,1542,65,1,0.01,0.03,May,21
2024-05-26,CAMP_050,SEO Organic,1901,80,2,0.01,0.04,May,21
2024-05-27,CAMP_050,SEO Organic,2526,106,3,0.01,0.05,May,22
2024-05-28,CAMP_050,SEO Organic,2194,92,2,0.01,0.04,May,22
2024-05-29,CAMP_050,SEO Organic,1973,83,2,0.01,0.04,May,22
2024-05-30,CAMP_050,SEO Organic,2003,84,2,0.01,0.04,May,22
2024-05-31,CAMP_050,SEO Organic,1521,64,1,0.01,0.03,May,22
2024-06-01,CAMP_050,SEO Organic,1910,80,2,0.01,0.04,June,22
2024-06-02,CAMP_050,SEO Organic,2361,99,2,0.01,0.05,June,22
2024-06-03,CAMP_050,SEO Organic,2788,118,3,0.01,0.05,June,23
2024-06-04,CAMP_050,SEO Organic,2623,111,3,0.01,0.05,June,23
2024-06-05,CAMP_050,SEO Organic,1550,65,1,0.01,0.03,June,23
2024-06-06,CAMP_050,SEO Organic,2690,113,3,0.01,0.05,June,23
2024-06-07,CAMP_050,SEO Organic,2539,107,3,0.01,0.05,June,23
2024-06-08,CAMP_050,SEO Organic,2536,107,3,0.01,0.05,June,23
2024-06-09,CAMP_050,SEO Organic,2116,89,2,0.01,0.04,June,23
2024-06-10,CAMP_050,SEO Organic,2038,86,2,0.01,0.04,June,24
2024-06-11,CAMP_050,SEO Organic,1914,81,2,0.01,0.04,June,24
2024-06-12,CAMP_050,SEO Organic,1605,67,1,0.01,0.03,June,24
2024-06-13,CAMP_050,SEO Organic,1817,76,2,0.01,0.04,June,24
2024-06-14,CAMP_050,SEO Organic,1840,77,2,0.01,0.04,June,24
2024-06-15,CAMP_050,SEO Organic,2150,90,2,0.01,0.04,June,24
2024-06-16,CAMP_050,SEO Organic,2493,105,3,0.01,0.05,June,24
2024-06-17,CAMP_050,SEO Organic,2136,90,2,0.01,0.04,June,25
2024-06-18,CAMP_050,SEO Organic,1595,67,1,0.01,0.03,June,25
2024-06-19,CAMP_050,SEO Organic,2767,117,3,0.01,0.05,June,25
2024-06-20,CAMP_050,SEO Organic,2747,116,3,0.01,0.05,June,25
2024-06-21,CAMP_050,SEO Organic,2542,107,3,0.01,0.05,June,25
2024-06-22,CAMP_050,SEO Organic,2811,118,3,0.01,0.06,June,25
2024-06-23,CAMP_050,SEO Organic,2228,94,2,0.01,0.04,June,25
2024-06-24,CAMP_050,SEO Organic,2773,117,3,0.01,0.05,June,26
2024-06-25,CAMP_050,SEO Organic,1618,68,2,0.01,0.03,June,26
2024-06-26,CAMP_050,SEO Organic,1996,84,2,0.01,0.04,June,26
2024-06-27,CAMP_050,SEO Organic,1813,76,2,0.01,0.04,June,26
2024-06-28,CAMP_050,SEO Organic,1774,75,2,0.01,0.03,June,26
2024-06-29,CAMP_050,SEO Organic,1703,72,2,0.01,0.03,June,26
2024-06-30,CAMP_050,SEO Organic,2330,98,2,0.01,0.05,June,26
2024-07-01,CAMP_050,SEO Organic,2537,107,3,0.01,0.05,July,27
2024-07-02,CAMP_050,SEO Organic,2273,96,2,0.01,0.04,July,27
2024-07-03,CAMP_050,SEO Organic,1711,72,2,0.01,0.03,July,27
2024-07-04,CAMP_050,SEO Organic,2576,109,3,0.01,0.05,July,27
2024-07-05,CAMP_050,SEO Organic,2348,99,2,0.01,0.05,July,27
